tree
version=v4
num_class=1
num_tree_per_iteration=1
label_index=0
max_feature_idx=46
objective=binary sigmoid:1
feature_names=concurrent_breakdown_equipment_failure_area_24h breakdown_equipment_failure_zscore breakdown_equipment_failure_cv_7d breakdown_and_equipment_failure_time_duration breakdown_equipment_failure_rolling_24h avg_event_duration horas_desde_ultimo_breakdown breakdown_equipment_failure_std_7d ratio_ucl_total process_failure_rolling_24h speed_loss_std_7d quality_defect_loss_zscore id_fabrica_area_encoded breakdown_equipment_failure_rolling_6h avg_breakdown_equipment_failure_subcategoria duracion_eventos_criticos avg_minor_stoppages_subcategoria ucl_time dia_semana minor_stoppages_cv_7d diff_breakdown_equipment_failure_vs_subcategoria dias_desde_ultimo_breakdown measurement_adjustment_rolling_24h ratio_unplanned_total minor_stoppages_duration speed_loss_cv_7d minor_stoppages_std_7d minor_stoppages_nivel3_duration dia_sin max_event_duration process_failure_rolling_24h_avg events_per_hour subcategoria_30 pm_count_30d subcategoria_13 minor_stoppages_severity_score horas_desde_ultimo_pm minor_stoppages_rolling_24h_avg minor_stoppages_tiempo_pct speed_loss_zscore mantenimiento_total_duracion_7d minor_stoppages_rolling_2h area_stress_level_24h idle_time_tiempo_pct subcategoria_23 subcategoria_32 es_fin_semana
feature_infos=[0:588] [-0.88518649339675903:10] [0:10] [-0.71666663885116577:687.183349609375] [0:588] [0.01666666753590107:2115] [1:9999] [0:11.552608489990234] [0:99.989585876464844] [0:198] [0:774.77484130859375] [-0.42486646771430969:10] [0:85] [0:208] [0:3.2736110687255859] [-0.71666663885116577:720] [0:50.608333587646484] [-0.033333335071802139:960] [0:6] [0:10] [-3.2736110687255859:62.825000762939453] [0.041666667908430099:416.625] [0:564] [0:99.995269775390625] [0:720] [0:10] [0:46.363925933837891] [0:720] [-0.97492790222167969:0.97492790222167969] [0.01666666753590107:2115] [0:8.25] [0.5:675] [0:1] [0:46] [0:1] [0:720] [1:9999] [0:109.08333587646484] [0:100] [-0.67458522319793701:10] [0:5011] [0:414] [1:5310] [-0.046860355883836746:100] [0:1] [0:1] [0:1]
tree_sizes=4474 4584 4626 4610 4581 4614 4617 4627 4592 4609 4630 4636 4628 4605 4629 4614 4618 4629 4624 4639 4624

Tree=0
num_leaves=41
num_cat=0
split_feature=21 1 3 21 1 1 3 3 1 21 21 8 1 3 8 10 1 23 1 1 1 42 9 23 16 1 8 34 1 20 1 23 12 18 8 1 21 22 12 20
split_gain=156853 32992.2 44602.8 16691 10034.2 6313.3 6980.64 5459.88 4793.37 3423.49 2833.34 2507.52 2374.47 2274.04 2004.3 1829.86 2448.94 1781.62 1558.36 1290.98 1132.98 1114.94 1099 1073.49 1045.75 1233.32 1019.62 1004.41 999.858 952.233 929.074 819.507 765.166 728.474 713.542 710.22 694.96 607.641 606.876 578.925
threshold=4.0208332538604745 -0.26577664911746973 0.983333319425583 13.520833492279055 -0.12099746614694594 -0.071379244327545152 1.1083333492279055 10.641666412353517 -0.12687272578477857 0.72916665673255932 0.89583334326744091 99.97363662719728 -0.3675589114427566 19.92499923706055 99.967376708984389 155.19978332519534 -0.14203095436096189 99.97778701782228 -0.17238496243953702 -0.028896703384816643 -0.17238496243953702 661.50000000000011 1.0000000180025095e-35 99.979160308837905 10.134027481079103 -0.079619124531745897 99.969963073730483 1.0000000180025095e-35 -0.30942393839359278 -0.026352339424192902 -0.066857956349849687 99.979160308837905 38.500000000000007 1.5000000000000002 99.979152679443374 -0.21052950620651242 0.64583334326744091 1.0000000180025095e-35 39.500000000000007 -0.016652801074087616
decision_type=2 2 2 2 2 2 2 2 2 2 2 2 2 2 2 2 2 2 2 2 2 2 2 2 2 2 2 2 2 2 2 2 2 2 2 2 2 2 2 2
left_child=1 12 4 7 9 15 19 8 11 20 29 28 34 -4 18 16 17 35 32 -7 38 -22 -17 30 25 -12 36 39 -2 -6 -10 -18 -11 -30 -1 -5 -14 -35 -3 -20
right_child=3 2 13 5 10 6 -8 -9 23 14 24 -13 26 -15 -16 22 31 -19 27 -21 21 -23 -24 -25 -26 -27 -28 -29 33 -31 -32 -33 -34 37 -36 -37 -38 -39 -40 -41
leaf_value=-1.2670840808105013 -1.2906262161592337 -1.3152816721589611 -1.2822028183801626 -1.3012625738565784 -1.3275863313444172 -1.3952388857569702 -1.270981870241161 -1.2633373591744372 -1.362160247771242 -1.3344788729086481 -1.3572033878816441 -1.3937784983403751 -1.281325462751159 -1.254087817599042 -1.3808015610082165 -1.3959661037465385 -1.3722896260043869 -1.3923829688825871 -1.3358095587872656 -1.4124511862414588 -1.324432492125923 -1.2983936794702728 -1.3438280147025106 -1.400843485710533 -1.33356410179352 -1.3819443236240228 -1.3575086327056776 -1.299236712576892 -1.3241108495480733 -1.3490489707867939 -1.3832924178883494 -1.4058591641606217 -1.3087469533355562 -1.3555630691663831 -1.3506310569037201 -1.3403724622476088 -1.294691090122617 -1.3324866737027874 -1.2958776111069428 -1.3592846628730397
leaf_weight=7095.4643427282572 339.58594614267349 1663.7452509850264 3229.6259073764086 472.26749999821186 3387.0540388673544 5062.4026285856962 267.01323966681957 428.95142723619938 6555.9101797193289 1085.1612850874662 5108.9047518223524 515.18276001513004 7399.5865227282047 4887.0312249958515 537.91596776247025 2776.0319026112556 4276.0204298496246 354.66532623767853 6947.5974233746529 7020.6165551841259 5366.3496405035257 1400.6979867070913 302.46433289349079 670.84864448010921 869.0351637750864 1853.2728804051876 136.63362653553486 473.83991520106792 1916.2045210301876 2374.5894430875778 1786.9803824424744 554.33406132459641 2786.2118763029575 1608.922612503171 69.824980139732361 933.72256606817245 4090.3699523359537 1478.7079485952854 3165.7804627716541 790.20831705629826
leaf_count=14124 906 5623 7836 1405 12649 28778 561 807 31017 4268 23441 2907 17767 7897 2834 15839 21479 1987 27593 43393 19553 4052 1271 3922 3395 9825 628 1382 6964 10337 9543 3321 8892 7306 307 3831 11397 5731 8929 3673
internal_value=-1.33313 -1.30867 -1.32053 -1.37554 -1.33239 -1.39003 -1.40234 -1.3547 -1.35734 -1.32237 -1.35026 -1.33904 -1.27967 -1.26527 -1.33173 -1.37431 -1.36658 -1.34035 -1.32955 -1.40524 -1.31218 -1.31904 -1.39084 -1.36923 -1.36043 -1.36379 -1.28692 -1.33596 -1.33377 -1.33643 -1.36669 -1.37614 -1.31596 -1.3367 -1.2679 -1.32723 -1.28608 -1.34451 -1.30256 -1.33821
internal_weight=102040 64718.9 45927 37320.8 37810.4 22019.5 12350 15301.3 14872.3 24217.5 13592.9 5858.6 18791.9 8116.66 12620.9 9669.51 6591.01 1760.66 12083 12083 11596.6 6767.05 3078.5 9013.74 7831.21 6962.18 11626.6 8211.65 5343.42 5761.64 8342.89 4830.35 3871.37 5003.84 7165.29 1405.99 11490 3087.63 4829.53 7737.81
internal_count=397370 206402 162179 190968 146446 121865 72732 69103 68296 86799 59647 23814 44223 15733 48642 49133 32023 7223 45808 72171 38157 23605 17110 44482 36661 33266 29792 32648 20907 22986 40560 24800 13160 20001 14431 5236 29164 13037 14552 31266
is_linear=0
shrinkage=1


Tree=1
num_leaves=41
num_cat=0
split_feature=0 1 14 21 15 1 13 1 1 1 15 5 1 8 5 5 14 5 1 5 1 1 11 15 16 1 15 14 1 5 8 1 25 27 1 1 22 39 11 37
split_gain=158114 33480.8 17135.3 10509.5 8612.44 6250.94 5203.59 5179.8 4286.8 2622.23 2415.54 2315.01 2191.69 1894.79 1510.7 1505.6 1463.36 1396.76 1342.67 1326.18 1322.73 1232.82 1399.2 1206.28 1100 942.188 821.086 786.828 692.256 681.962 660.078 620.452 607.261 579.88 656.237 525.745 521.933 503.47 502.239 582.445
threshold=1.0000000180025095e-35 -0.070538349449634538 0.065323173999786391 7.6458332538604745 19.941666603088382 -0.15173444896936414 1.0000000180025095e-35 -0.26577664911746973 -0.16007215529680249 -0.051946073770523064 19.691666603088382 479.15415954589849 -0.31326493620872492 27.169016838073734 479.15415954589849 479.15415954589849 0.012526150792837145 381.49583435058599 -0.10473976656794547 479.15415954589849 -0.26192043721675867 -0.1110955663025379 -0.024582683108747002 10.291666984558107 11.659028053283693 -0.26192043721675867 6.1250000000000009 0.025034818798303608 1.0000000180025095e-35 432.20832824707037 48.315834045410163 -0.27019695937633509 2.5420778989791875 8.8750000000000018 -0.17238496243953702 -0.31326493620872492 14.500000000000002 -0.37334217131137842 -0.10740970075130461 4.3125000000000009
decision_type=2 2 2 2 2 2 2 2 2 2 2 2 2 2 2 2 2 2 2 2 2 2 2 2 2 2 2 2 2 2 2 2 2 2 2 2 2 2 2 2
left_child=1 3 4 5 8 13 7 19 25 -3 12 16 -8 20 33 23 -5 18 -7 35 -1 22 36 27 38 -2 29 -10 -6 37 -27 -24 -33 34 -9 -4 -18 -14 39 -20
right_child=2 9 6 11 28 17 10 14 15 -11 -12 -13 26 -15 -16 -17 21 -19 24 -21 -22 -23 31 -25 -26 30 -28 -29 -30 -31 -32 32 -34 -35 -36 -37 -38 -39 -40 -41
leaf_value=0.07748250469869368 0.086271946409280195 -0.0034201572553269818 0.097440554773110671 0.002672755574339076 0.073723191514800931 0.036342623184106845 0.10276816038820021 0.069170695365344856 0.033138161476000613 -0.026705293665822707 0.11403006586505825 -0.019293650063363303 0.068514148782107528 0.021677528758396861 0.0033586591127682691 -0.014526276436782093 0.036208501387217498 -0.01169477730094573 0.018438673913199182 0.037853224670266201 0.053111560427206293 0.0082417365594968615 0.059795885940828179 0.075943365448029307 0.060583066225542805 0.065844010735208625 0.096414054538000366 0.048074409637492543 0.11492561791490674 0.0086986402474856974 0.031230725444163953 -0.010157075671242544 0.028348922618744145 0.07352775100228412 0.047081718692149943 0.082225218494763344 0.075452428607224259 0.084717731678033967 0.01224421362820532 0.053353260507529351
leaf_weight=2037.5031145960093 1545.994756102562 4843.9344663918018 5133.6465440243483 5140.4962119311094 328.53661052882671 7430.6026064306498 7285.8054077774286 1489.6039082556963 4405.2498480528593 10010.560847520828 4531.5297203511 1654.4287031590939 1991.6581078618765 1010.7072845846415 319.23710191249847 309.07273636758327 2767.8581523299217 595.96767643094063 978.43180879950523 308.35100916028023 5744.7928390353918 3162.3160787969828 140.60154061019421 726.31889361143112 416.56227737665176 4787.6914373338223 2257.3731720596552 5185.1676417589188 1736.1819888055325 94.509796753525734 403.67163875699043 854.8510228395462 408.35837875306606 1820.5877735167742 2330.6596559435129 2197.729036450386 249.38699850440025 3728.183908239007 4169.1222589313984 481.12170048058033
leaf_count=5580 3790 26249 10792 26650 954 30511 14067 4524 18490 61692 7025 9763 6040 4569 1641 1748 11447 3350 4592 1227 20487 15849 476 2005 1415 15038 4854 19215 2648 457 1702 4759 1785 5329 8717 5667 741 9483 20271 1771
internal_value=0.0459941 0.0138656 0.0776252 0.0270189 0.0582141 0.0379629 0.0888858 0.0764985 0.0522482 -0.0191123 0.0973554 0.0096151 0.092434 0.0551474 0.0583425 0.0419678 0.0133742 0.0272244 0.0289457 0.0906613 0.0594937 0.0206281 0.0294872 0.0436605 0.0198529 0.0684605 0.0831041 0.0412143 0.108376 0.0779341 0.0631536 0.00805854 0.00229283 0.0614541 0.0556973 0.0928814 0.0394561 0.0790778 0.0168369 0.0299525
internal_weight=105014 52097.6 52916.8 37243.1 19427.9 22864.8 33488.9 13599.8 17363.2 14854.5 19889.1 14378.3 15357.5 8793 5960.09 10625.8 12723.9 14071.8 13475.8 7639.73 7782.3 7583.37 4421.06 10316.7 6045.24 6737.36 8071.72 9590.42 2064.72 5814.35 5191.36 1403.81 1263.21 5640.85 3820.26 7331.38 3017.25 5719.84 5628.68 1459.55
internal_count=397370 251957 145413 164016 65590 92546 79823 37897 61988 87941 41926 71470 34901 30636 20211 41458 61707 61910 58560 17686 26067 35057 19208 39710 28049 20530 20834 37705 3602 15980 16740 7020 6544 18570 13241 16459 12188 15523 26634 6363
is_linear=0
shrinkage=0.0259801


Tree=2
num_leaves=41
num_cat=0
split_feature=6 2 14 20 20 2 6 6 14 17 17 20 9 17 11 12 12 17 2 17 19 20 12 12 12 11 20 2 37 2 26 19 2 14 12 12 14 18 18 18
split_gain=122427 44106.6 12004.1 7799.69 7073.91 6982.81 3867.9 3867.51 2470.04 2034.81 1969.46 1918.68 1874.19 1850.4 1481.76 1460.61 1395.4 1341.53 1131.32 1055.27 1060.61 1006.3 938.791 870.442 847.684 843.337 807.502 784.191 706.844 626.703 583.292 546.086 529.069 523.792 513.091 510.266 492.396 462.667 433.043 432.158
threshold=115.50000000000001 4.4790554046630868 0.0013898547622375192 1.0000000180025095e-35 1.0000000180025095e-35 3.0891253948211674 19.500000000000004 324.50000000000006 0.013910388574004175 362.30833435058599 332.25000000000006 1.0000000180025095e-35 1.0000000180025095e-35 332.25000000000006 -0.023873331025242802 26.500000000000004 47.500000000000007 362.30833435058599 5.5393452644348153 446.76667785644537 0.52542304992675792 -0.026352339424192902 49.500000000000007 47.500000000000007 42.500000000000007 -0.015644540078938004 -0.023604965768754479 2.4994267225265507 10.979166507720949 9.1385140419006365 0.39819209277629858 0.50431582331657421 9.5654249191284197 0.58347266912460338 47.500000000000007 50.500000000000007 0.031972223892807967 1.0000000180025095e-35 1.5000000000000002 2.5000000000000004
decision_type=2 2 2 2 2 2 2 2 2 2 2 2 2 2 2 2 2 2 2 2 2 2 2 2 2 2 2 2 2 2 2 2 2 2 2 2 2 2 2 2
left_child=1 5 25 6 7 13 18 9 35 15 16 17 14 27 19 29 28 23 -3 20 -9 37 -18 24 -7 -2 34 31 39 36 -14 -1 -24 -25 -20 -8 -4 -17 -22 -10
right_child=2 3 4 -5 -6 11 8 12 10 -11 -12 -13 30 -15 -16 21 22 -19 26 -21 38 -23 32 33 -26 -27 -28 -29 -30 -31 -32 -33 -34 -35 -36 -37 -38 -39 -40 -41
leaf_value=0.075793850839917021 -0.0085197692612572554 0.060093709122050615 0.0071849926680106948 0.090457867336897729 0.094278639137584622 0.061544313938807362 0.0078936596422274231 0.036390678459809332 0.035090343571836352 -0.017138094071998324 -0.0089894032534984791 0.09298766625315491 0.049199732926515111 0.022507545172446485 -0.016113298177623622 0.058387532284541445 0.074553922863821426 0.013199984295236259 0.042367976131354977 -0.024983934354362608 0.015421758274711254 0.020847393811155034 0.046268083542507478 0.073476292628363221 0.016490199336523355 -0.026126138830592137 0.032348338253664018 0.085959406823925222 0.049937316668009421 -0.0037361870035613393 0.014301380611092979 0.097601302970214729 0.022964293729003594 0.017964861507848144 0.058198308029148854 0.028892747259386845 0.030996748098032594 0.0353214601244312 -0.0035308867886051708 0.022666183651536539
leaf_weight=826.99263970553875 2494.3788385391235 4756.5532716065645 1234.9922166019678 2106.1873825639486 699.61221933364868 5389.1200129687786 2918.840414300561 791.02403399348259 3466.5030545294285 882.88866366446018 623.09701962769032 1981.0209140330553 373.01096652448177 256.9639485925436 4481.2046854346991 723.87162172794342 733.96059282124043 321.87352502346039 2951.3461673259735 709.56838762760162 1255.6587609648705 3828.5516298115253 5527.6425572484732 7504.3719708174467 297.57961684465408 6962.49468280375 2646.3551574647427 7656.9369892776012 1178.5013473033905 1347.0635549873114 2419.6267410814762 13173.448062300682 746.93649712204933 116.63911056518555 2604.4327182620764 1066.3539574593306 1115.7605579793453 3113.8045452833176 2311.2798117250204 4158.1597095131874
leaf_count=2054 13980 14672 6159 4059 1285 16192 14378 3241 13895 5185 3440 3661 1373 1122 26161 2396 1966 1538 10769 4369 6022 17425 19910 19738 1321 43453 10755 16496 4164 7139 11694 23035 3265 500 8256 4528 4681 12505 12384 18204
internal_value=0.0436317 0.0627353 0.00348876 0.0419696 0.0128273 0.0823719 0.0389095 0.0105091 0.0318637 0.0208524 0.0363132 0.0690914 0.000244897 0.0918315 -0.00523035 0.0238041 0.0380985 0.0656171 0.0500115 0.00439361 0.00917767 0.0302728 0.046749 0.0668847 0.0591872 -0.0214825 0.0441636 0.0926539 0.0312109 0.0103925 0.0189654 0.0963141 0.0434946 0.0726271 0.0497904 0.0135135 0.0184884 0.0396746 0.00314135 0.0283154
internal_weight=107755 73009.8 34744.8 35484.9 25287.9 37524.9 33378.7 24588.3 20420 12246.9 16434.8 15610.6 12341.4 21914.3 9548.74 11364 15811.7 13629.6 12958.7 5067.53 4357.96 7666.23 7008.54 13307.7 5686.7 9456.87 8202.13 21657.4 8803.16 3697.82 2792.64 14000.4 6274.58 7621.01 5555.78 3985.19 2350.75 3837.68 3566.94 7624.66
internal_count=397370 217918 179452 132261 122019 85657 128202 120734 83750 55490 64844 42950 65244 42707 52177 50305 61404 39289 44452 26016 21647 32326 25141 37751 17513 57433 29780 41585 36263 17979 13067 25089 23175 20238 19025 18906 10840 14901 18406 32099
is_linear=0
shrinkage=0.0259801


Tree=3
num_leaves=41
num_cat=0
split_feature=0 6 2 3 11 2 2 5 5 7 5 5 3 5 20 2 2 30 5 14 26 14 11 27 2 14 27 30 37 30 44 7 14 22 26 38 7 7 37 28
split_gain=123519 27000.7 17942.9 8491.08 4937.56 4880.36 3371.54 3207.31 2584.47 2080.79 1582.79 1413.21 1406.61 1356.05 1604.62 1280.69 1241.37 1158.17 1114.09 989.905 876.575 825.694 737.977 729.623 616.086 593.58 520.58 496.3 477.813 472.751 457.593 457.021 412.889 408.728 394.303 471.823 385.56 372.793 369.866 361.022
threshold=1.0000000180025095e-35 324.50000000000006 3.5279158353805546 19.691666603088382 -0.015644540078938004 7.4888758659362802 5.5393452644348153 432.20832824707037 479.15415954589849 0.15102908015251162 479.15415954589849 479.15415954589849 19.92499923706055 479.15415954589849 -0.016652801074087616 4.2930569648742685 2.7158041000366215 1.0000000180025095e-35 479.15415954589849 0.022305141203105453 0.95492026209831249 0.012526150792837145 -0.02636073715984821 6.5250000953674325 1.0000000180025095e-35 0.065323173999786391 10.441666603088381 1.0000000180025095e-35 0.062500001862645163 1.0000000180025095e-35 1.0000000180025095e-35 0.21022324264049533 0.030561620369553569 1.0000000180025095e-35 0.59586697816848766 12.744238376617433 1.1179386973381045 1.3527290821075442 5.8541667461395273 -0.87837970256805409
decision_type=2 2 2 2 2 2 2 2 2 2 2 2 2 2 2 2 2 2 2 2 2 2 2 2 2 2 2 2 2 2 2 2 2 2 2 2 2 2 2 2
left_child=1 5 8 6 13 7 11 9 12 21 19 25 16 14 20 -11 24 33 22 -8 -3 -1 28 -17 -2 34 -21 -24 -7 -16 -27 -22 -33 -6 -4 -36 -18 -26 39 -30
right_child=2 4 3 -5 17 18 10 -9 -10 15 -12 -13 -14 -15 29 23 36 -19 -20 26 31 -23 27 -25 37 30 -28 -29 38 -31 -32 32 -34 -35 35 -37 -38 -39 -40 -41
leaf_value=0.0049449991325667278 0.065621929036284776 0.043284450308179172 0.079811118551352381 0.098011214765922325 -0.026335947271402784 -0.0099173099396612577 0.030693320368952139 -0.0085601452521029096 0.030839216880003198 0.057232655016215737 -0.013677480908015681 0.011324074608652347 0.099038847120487744 -0.023259066852245304 -0.0071544630375764799 0.034040445573612792 0.074945500934666148 0.013271118325005615 -0.017587849273706921 0.04284125843030908 0.0097411138233610608 0.030397466250175149 0.0018213208289571787 0.04857939774071976 0.088921272039420504 0.062138719877650975 0.058295233079033462 0.022321957296153452 0.00014553083621203031 0.0099665212125428903 0.082053772510069761 -0.02984234828337742 0.062645313506513867 -0.012488153083969304 0.046937833551405017 0.061222705865254488 0.043767120047190897 0.070447239590569186 0.031242552126758513 0.021518101445747385
leaf_weight=1234.5914552658796 898.014499604702 830.04762573540211 376.84795518219471 2699.7155680209398 8596.7108228057623 309.7672625631094 3966.9216123223305 1011.1183531433344 623.03805838525295 3563.6644175946712 363.68710945546627 424.59811808168888 3793.4800077527761 1166.9030078053474 3950.4935055524111 6639.7877802401781 7995.0714470148087 594.46471942961216 644.12259770929813 6155.478144094348 2582.6002448350191 2837.9237486422062 2662.8388126939535 3591.8025914877653 12943.127009093761 6626.0230321288109 1935.7981918603182 1137.4276424199343 596.92305554449558 1502.4432771205902 884.53791974484921 38.891119092702866 197.88416561484337 1728.3566744625568 4038.3285399377346 2549.448689699173 277.81955687701702 785.8575432151556 2511.2622904330492 5017.9746758490801
leaf_count=6184 2371 3093 845 3709 54315 1651 15884 5567 2424 10594 2025 1999 5057 7178 21945 25887 18112 2871 3796 21415 12707 11580 13431 12292 22453 18147 5773 5003 3012 7462 1890 237 640 10137 13326 7274 917 1792 10185 22190
internal_value=0.0414994 0.0128877 0.0679205 0.0540567 -0.00982586 0.0280415 0.0497129 0.0364536 0.0831568 0.039001 0.0397164 0.0580464 0.0843777 0.00310647 0.00648684 0.0438182 0.0819483 -0.0219879 0.0157113 0.041327 0.0198202 0.022682 0.0174644 0.0391451 0.0864998 0.0594168 0.0465397 0.00795792 0.0217467 -0.00243697 0.0644859 0.01291 0.0474436 -0.0240181 0.0539488 0.0524674 0.0738994 0.0878647 0.0229539 0.019246
internal_weight=110286 52948 57337.8 30021.4 21188.8 31759.2 27321.7 18878.9 27316.4 17867.8 12421.9 14899.8 26693.4 10269.3 9102.36 13795.3 22899.9 10919.5 12880.3 12058.2 3649.42 4072.52 12236.2 10231.6 14627 14475.2 8091.28 3800.27 8435.93 5452.94 7510.56 2819.38 236.775 10325.1 6964.63 6587.78 8272.89 13729 8126.16 5614.9
internal_count=397370 251957 145413 92287 120585 131372 88578 72104 53126 66537 45097 43481 50702 53262 46084 48773 45645 67323 59268 43072 16677 17764 55472 38179 26616 41482 27188 18434 37038 29407 20037 13584 877 64452 21445 20600 19029 24245 35387 25202
is_linear=0
shrinkage=0.0259801


Tree=4
num_leaves=41
num_cat=0
split_feature=4 21 2 15 2 9 2 5 5 2 5 2 5 26 7 5 5 15 2 7 26 25 21 32 19 2 7 19 25 2 39 27 13 2 7 9 2 46 27 25
split_gain=109727 24481.9 15661 7113.86 4430.98 3479.87 3179.29 2931.88 2032.62 1883.5 1687.15 1424.56 1069.41 2264.55 1346.42 1047.7 1036.7 987.03 948.579 716.894 685.943 526.19 507.099 499.463 614.338 498.718 464.846 447.344 406.55 403.788 395.246 392.22 385.124 384.316 371.845 364.098 352.352 352.235 351.717 345.049
threshold=1.0000000180025095e-35 13.520833492279055 3.4302525520324711 19.941666603088382 7.4888758659362802 1.0000000180025095e-35 5.0414702892303476 432.20832824707037 479.15415954589849 1.6758539676666262 479.15415954589849 4.7686626911163339 479.15415954589849 0.2866609543561936 0.21022324264049533 479.15415954589849 479.15415954589849 19.308333396911625 2.4994267225265507 0.62185505032539379 0.39819209277629858 2.1895529031753544 28.687500000000004 1.0000000180025095e-35 1.0818067193031313 6.1878190040588388 1.1179386973381045 0.50431582331657421 8.1878314018249529 3.3267244100570683 -0.37579406797885889 3.9750000238418584 1.0000000180025095e-35 9.1385140419006365 0.86870631575584423 1.5000000000000002 6.7786295413970956 1.0000000180025095e-35 6.0750000476837167 1.9538146257400515
decision_type=2 2 2 2 2 2 2 2 2 2 2 2 2 2 2 2 2 2 2 2 2 2 2 2 2 2 2 2 2 2 2 2 2 2 2 2 2 2 2 2
left_child=1 4 8 6 7 12 16 9 17 28 19 29 13 -3 22 23 30 18 27 25 -7 -13 39 24 34 -8 -20 -2 -1 -11 -4 -23 -5 -26 35 -6 -16 -22 -27 -15
right_child=2 5 3 32 15 20 10 -9 -10 11 -12 21 -14 14 36 -17 -18 -19 26 -21 37 31 -24 -25 33 38 -28 -29 -30 -31 -32 -33 -34 -35 -36 -37 -38 -39 -40 -41
leaf_value=0.010096071450826447 0.063109089664657184 0.021656124333470833 0.051972289409152876 0.058677617052832379 0.016391443917048967 0.04561793636358611 0.044975480050392209 -0.0083809535773511495 0.030623052645178103 0.063316029001631205 -0.011077721544713374 0.021006669605465635 -0.027536995450312272 -0.028239892581345231 0.05566126972772447 -0.017317662218146193 0.014011822287965268 0.090349052219472786 0.07220564347419807 0.053110254904217218 0.015140050459357002 0.031930467903413126 -0.017716049664992631 0.039160787939863037 0.017722489264415546 0.030027850741204159 0.03901626787057038 0.083371929418408569 0.061680633372590721 0.046913931554310888 0.061593384663514508 0.042504650697562298 0.089544227903161772 0.003136869871378351 0.049539924778063862 0.031951480283448637 -0.011401421349377352 -0.0071930648531410802 0.041513189817923672 -0.0013259193086612767
leaf_weight=1834.1666958481073 789.49343851208687 1328.6506773233414 4536.1162975132465 300.22596743702888 5039.5267623513937 433.5652256757021 4596.5252584218979 1005.9779998958111 588.65310472249985 1378.0696905404329 435.27604046463966 1601.4994107186794 3075.9689169675112 373.24227702617645 232.57343733310699 637.26960325241089 370.83119887113571 4634.4816806614399 9716.5377108305693 2635.4761711657047 2360.6254456490278 4837.4366084039211 10482.605829373002 641.38154023885727 2006.0611307024956 4978.6705367714167 294.08344352245331 11309.136529669166 109.11326938867569 3846.6165015399456 7948.7941259145737 4644.9944730103016 3138.2468738108873 3108.9840924292803 291.41790099442005 1271.2800000160933 68.362782701849937 597.15291196107864 2821.8560106903315 2313.9876100718975
leaf_count=8693 1926 5951 13142 829 22656 1542 14842 5567 2220 3505 2400 6732 19875 2309 767 3796 1696 6239 20405 7872 11204 18732 63525 2419 8934 19044 962 18581 352 12312 20551 16211 4347 15403 979 5081 381 3236 9701 12451
internal_value=0.0395654 0.0126181 0.0639708 0.0515634 0.0268861 -0.00902116 0.0472788 0.0347965 0.0783886 0.0371764 0.0393425 0.0400573 -0.0135987 -0.0107014 -0.0138931 0.0151638 0.056827 0.0794398 0.0771524 0.0408026 0.0151059 0.0347844 -0.0151349 0.0168389 0.0156165 0.0381854 0.0712313 0.0820506 0.0129975 0.051242 0.0580985 0.0371109 0.0868521 0.00885757 0.0208527 0.0195267 0.0404288 0.010631 0.0341835 -0.00506565
internal_weight=112615 53520.5 59094.4 31762 32253.8 21266.7 28323.5 19257.9 27332.4 18251.9 15467.8 16308.6 17875.4 14799.4 13470.8 12995.9 12855.7 26743.7 22109.3 15032.5 3391.34 11083.9 13169.8 12358.7 11717.3 12397.1 10010.6 12098.6 1943.28 5224.69 12484.9 9482.43 3438.47 5115.05 6602.22 6310.81 300.936 2957.78 7800.53 2687.23
internal_count=397370 252613 144757 94424 131372 121241 89248 72104 50333 66537 53859 57492 105259 85384 79433 59268 35389 48113 41874 51459 15982 41675 78285 55472 53053 43587 21367 20507 9045 15817 33693 34943 5176 24337 28716 27737 1148 14440 28745 14760
is_linear=0
shrinkage=0.0259801


Tree=5
num_leaves=41
num_cat=0
split_feature=0 6 14 3 11 14 8 8 3 8 0 7 14 14 29 45 18 26 14 22 14 22 39 44 19 7 26 8 25 45 10 11 7 7 22 10 7 7 18 6
split_gain=99963.8 23346.3 9462.93 5169.89 4455.23 4285.53 3244.41 2711.65 2466.56 1504.29 1462.29 1284.38 1134.23 1006.09 936.957 936.503 807.473 716.449 683.811 670.792 758.1 631.464 627.269 510.198 556.438 498.658 496.999 503.678 489.741 476.136 470.504 456.243 451.803 418.038 452.128 455.368 406.011 395.306 389.647 387.407
threshold=1.0000000180025095e-35 324.50000000000006 0.065323173999786391 19.92499923706055 -0.015644540078938004 0.013910388574004175 99.979152679443374 99.97363662719728 16.558333396911625 99.960254669189467 2.5000000000000004 0.093454532325267806 0.012526150792837145 0.025034818798303608 479.94166564941412 1.0000000180025095e-35 2.5000000000000004 0.74763643741607677 0.059756478294730193 1.0000000180025095e-35 0.086159005761146559 3.5000000000000004 -0.32830221951007837 1.0000000180025095e-35 2.3527041673660283 0.28053544461727148 5.3594722747802743 70.759860992431655 2.9360587596893315 1.0000000180025095e-35 165.45660400390628 -0.15333254635334012 1.3527290821075442 0.21364121884107592 1.0000000180025095e-35 113.86014556884767 0.26134592294692999 0.21594102680683139 5.5000000000000009 109.50000000000001
decision_type=2 2 2 2 2 2 2 2 2 2 2 2 2 2 2 2 2 2 2 2 2 2 2 2 2 2 2 2 2 2 2 2 2 2 2 2 2 2 2 2
left_child=1 5 3 9 12 26 8 11 10 13 25 -7 -3 30 17 21 23 -14 -18 -6 -21 28 -17 24 -13 -4 27 36 32 39 37 -28 -12 34 -19 -36 -1 -2 -8 -20
right_child=2 4 6 -5 19 7 38 -9 -10 -11 15 16 14 -15 -16 22 18 33 29 20 -22 -23 -24 -25 -26 -27 31 -29 -30 -31 -32 -33 -34 -35 35 -37 -38 -39 -40 -41
leaf_value=0.015803443844369911 0.028244581752405542 -0.0053176642770975955 0.050403760879403965 0.085980734962147753 -0.024568647402981498 0.01747499033766841 -0.012563785656238917 -0.011498639117620436 0.085236953503023127 -0.0056763995262228868 0.071717467109992647 0.039772621800217733 0.039523256098421257 0.047959319340138661 -0.015533581695589242 0.022832214968219213 0.024525105522686146 -0.0014133192364460764 0.043958119135408383 -0.011835269961950355 0.058850544997440586 0.061478470602191575 0.061873747902644397 0.060874245387321009 0.010077840578933456 0.062331795685663091 0.043463011350967196 -0.0090468931374378531 0.079716872056915009 0.0033333215175069147 0.051372264242367856 -0.0085442327362112783 0.049606369542525258 0.043105024550559798 0.00022091431122144069 0.029833406275676908 -0.028016116446683913 0.044148321626245345 0.033808654556814165 0.023713906616611068
leaf_weight=4919.1307890415192 4081.8375721722841 5548.7883249372244 3428.8913793414831 2045.8928694725037 8562.6714976280928 3392.3503159433603 337.58618250489235 992.38360968232155 5429.3546112179756 426.61571352183819 10858.620098516345 8940.2935646027327 763.7034936696291 12542.85708861053 707.84057980775833 430.96928295493126 6582.0347198843956 1477.397813051939 3263.5193200260401 2007.5953309834003 107.75236931443214 3528.8456576913595 782.67710530757904 732.65490490198135 447.37982924282551 7669.8756165355444 123.0508024096489 695.28427667915821 5794.3200825899839 254.06861266493797 1045.8245658874512 1498.6905706226826 663.49566419422626 260.43924558162689 557.72307220101357 943.24285194277763 146.83787852525711 1423.6386238634586 191.56648170948029 793.92852544784546
leaf_count=22324 15539 30753 9516 2558 55134 14942 1806 5753 6935 2260 20399 30885 2749 36796 4286 1541 26205 7776 10393 11813 349 8126 1712 2037 1993 17463 466 3796 9407 1170 3132 7927 1850 923 2861 4041 859 4506 766 3180
internal_value=0.0376575 0.0118457 0.0605069 0.0466894 -0.00958528 0.0255334 0.068125 0.0305979 0.0690012 0.0425707 0.0663423 0.0323097 0.00264137 0.0436487 0.012017 0.0702134 0.0347044 0.0168897 0.0297945 -0.0213322 -0.00823032 0.0715054 0.048015 0.0399887 0.0383577 0.0586475 0.0081104 0.0116866 0.0735482 0.0378377 0.0353948 -0.0045941 0.0704449 0.011551 0.00878959 0.0188314 0.0145324 0.0323583 0.00422943 0.039998
internal_weight=114402 53718.8 60682.9 21566.7 20937.2 32781.6 39116.2 25398.6 38587 19520.8 33157.7 24406.2 10259.1 19094.2 4710.35 22058.9 21013.9 4002.51 10893.6 10678 2115.35 20845.3 1213.65 10120.3 9387.67 11098.8 7382.99 5761.25 17316.4 4311.52 6551.3 1621.74 11522.1 3238.8 2978.36 1500.97 5065.97 5505.48 529.153 4057.45
internal_count=396927 252615 144312 64791 120685 131930 79521 96558 76949 62233 70014 90805 53389 59973 22636 43035 75863 18350 40948 67296 12162 39782 3253 34915 32878 26979 35372 26979 31656 14743 23177 8393 22249 15601 14678 6902 23183 20045 2572 13573
is_linear=0
shrinkage=0.0259801


Tree=6
num_leaves=41
num_cat=0
split_feature=2 2 13 2 14 5 2 13 5 15 15 9 5 14 9 5 26 22 39 14 19 38 2 45 8 19 2 14 19 26 28 44 26 44 39 14 19 26 27 19
split_gain=68895.6 38073.2 7492.65 6162.06 6024.97 4988.49 3469.44 3306.56 3175.3 2728.22 1713.4 1708.71 1521.19 1348.72 872.9 860.478 2103.4 831.023 763.391 668.847 663.224 600.57 544.339 634.344 470.816 456.278 442.824 424.274 393.095 404.656 387.161 375.503 382.96 360.958 474.641 360.136 359.653 466.872 341.427 328.589
threshold=1.0000000180025095e-35 4.8069968223571786 1.0000000180025095e-35 3.0707453489303593 0.0028013183036819105 479.15415954589849 9.055155277252199 1.0000000180025095e-35 479.15415954589849 19.691666603088382 20.17499923706055 1.0000000180025095e-35 479.15415954589849 0.025034818798303608 1.0000000180025095e-35 432.20832824707037 0.2866609543561936 1.0000000180025095e-35 -0.37370252609252924 0.013910388574004175 0.87581241130828869 8.2894282341003436 2.2855670452117924 1.0000000180025095e-35 23.064179420471195 0.83464676141738903 9.1385140419006365 0.023639875464141372 1.4452359080314638 3.9587173461914067 -1.0000000180025095e-35 1.0000000180025095e-35 1.7881599068641665 1.0000000180025095e-35 -0.32830221951007837 0.082097761332988753 1.5567340254783633 5.1704463958740243 7.1250000000000009 1.2095540761947634
decision_type=2 2 2 2 2 2 2 2 2 2 2 2 2 2 2 2 2 2 2 2 2 2 2 2 2 2 2 2 2 2 2 2 2 2 2 2 2 2 2 2
left_child=4 3 5 12 14 6 13 11 10 38 18 15 22 39 -1 16 27 -18 30 28 -13 31 -2 -24 33 -21 35 -6 29 -8 -5 32 -15 34 -20 -27 37 -22 -4 -3
right_child=1 2 9 8 7 -7 19 -9 -10 -11 -12 20 -14 21 -16 -17 17 -19 24 25 36 -23 23 -25 -26 26 -28 -29 -30 -31 -32 -33 -34 -35 -36 -37 -38 -39 -40 -41
leaf_value=-0.022405023942301622 0.076099371134539129 0.026608403635166381 0.038611648220237965 0.037430031199840175 0.0086337259052874267 -0.015140585894785282 0.020236036291213295 0.063723758012006679 0.0024165329176515722 0.078793189655629522 0.07679668448345138 0.03782221881135913 0.027672791709640664 0.04146349766762146 0.0053709262567035324 -0.023060548370466463 -0.011837826517682471 0.0075145704711417002 0.063280760080312998 0.030264275275029128 -0.003647879129835419 0.042837413771041701 0.068984825929851792 0.017815627813530809 0.034273743086176485 0.032732164655979959 0.012210740316132413 0.042562805729951421 -0.0036901580168017399 0.0041531778338721875 0.049897994707227535 0.048851450797339956 0.028427184367686587 0.067282415205919849 0.051120498559826533 -0.0099504081855300904 0.024440121784773002 0.03931936364854715 0.051602554543473601 0.013928189974517132
leaf_weight=9003.906851246953 12396.929799899459 4911.121092274785 3639.470574811101 2639.1257026195526 351.25886355340481 2024.8070419430733 2340.3815310746431 658.7161216288805 821.83869142830372 1980.1462999135256 2092.056540414691 993.36415086686611 526.78838530182838 1928.8944681286812 834.38524916768074 1137.1483736932278 4077.8990381211042 2366.867965683341 3229.1362805068493 2485.67274312675 1065.3914575129747 6612.8186714202166 11367.30088840425 166.05309304594994 641.10479359328747 1393.0308977812529 3930.1311195641756 853.20282202959061 1230.1133253276348 1924.142371982336 4646.8150211274624 891.11782598495483 7211.4654499292374 1979.411569789052 6614.5091267973185 147.48476032912731 939.85302609205246 203.08303804695606 2190.1115403175354 1918.9962978214025
leaf_count=57867 18036 18875 11523 8043 1659 11970 10172 1325 4087 2586 2940 3661 1950 6239 4271 7339 23583 11864 7111 9356 5539 20604 20181 584 2066 5182 17418 2882 6299 9311 12448 2704 26264 4079 17099 730 4065 793 5932 8290
internal_value=0.0360456 0.0458288 0.0292201 0.0623101 -0.00480185 0.0245631 0.0267403 0.00705967 0.0525496 0.0524452 0.0544359 0.00394527 0.0713546 0.0327685 -0.0200493 -0.00197567 0.00115927 -0.00473056 0.0520667 0.0162197 0.0201934 0.0367579 0.072316 0.0682484 0.0559731 0.021034 0.0168394 0.0326706 0.00924791 0.0129799 0.0453828 0.0327496 0.0311789 0.0571493 0.0551106 0.0286452 0.0122612 0.00323537 0.0434935 0.0230462
internal_weight=116366 93881 46759.9 47121.1 22485.1 38950.2 36925.4 12646.8 22664 7809.73 21842.2 11988.1 24457.1 23474.4 9838.29 8786.38 7649.23 6444.77 19750.1 13451 3201.69 16644.3 23930.3 11533.4 12464.2 7956.32 5470.65 1204.46 5494.64 4264.52 7285.94 10031.5 9140.36 11823.1 9843.65 1540.52 2208.33 1268.47 5829.58 6830.12
internal_count=396927 272079 173455 98624 124848 153414 141444 62710 57873 20041 53786 61385 40751 82976 62138 47327 39988 35447 50846 58468 14058 55811 38801 20765 30355 32686 23330 4541 25782 19483 20491 35207 32503 28289 24210 5912 10397 6332 17455 27165
is_linear=0
shrinkage=0.0259801


Tree=7
num_leaves=41
num_cat=0
split_feature=6 2 6 11 20 2 20 6 17 20 20 20 30 17 20 15 17 23 2 15 8 20 34 2 36 19 15 19 15 10 18 10 32 19 20 19 30 18 30 7
split_gain=74710.6 22433.5 10021.8 4491.04 4478.65 3167.07 2236.93 2150.35 1706.86 1623.2 1617.94 1578.47 1569.9 1197.56 1106.72 1077.76 1024.51 921.939 782.331 757.867 723.993 617.893 593.454 562.558 586.829 556.635 541.401 540.664 515.03 509.079 507.571 499.262 606.805 486.452 480.991 463.64 463.276 460.782 460.689 436.197
threshold=99.500000000000014 4.3760967254638681 324.50000000000006 -0.015644540078938004 1.0000000180025095e-35 3.0707453489303593 1.0000000180025095e-35 19.500000000000004 479.96665954589849 1.0000000180025095e-35 -0.026352339424192902 -0.013910388574004172 1.0000000180025095e-35 332.25000000000006 -0.016652801074087616 19.108333587646488 362.30833435058599 99.979160308837905 9.1385140419006365 10.941666603088381 23.064179420471195 -0.026352339424192902 1.0000000180025095e-35 7.4888758659362802 1759.5000000000002 0.82443407177925121 19.941666603088382 0.43221984803676611 18.858333587646488 144.889518737793 1.5000000000000002 159.85059356689456 1.0000000180025095e-35 0.50431582331657421 -0.0043012544047087422 1.5323607325553896 1.0000000180025095e-35 2.5000000000000004 1.0000000180025095e-35 0.2637991607189179
decision_type=2 2 2 2 2 2 2 2 2 2 2 2 2 2 2 2 2 2 2 2 2 2 2 2 2 2 2 2 2 2 2 2 2 2 2 2 2 2 2 2
left_child=1 5 6 9 7 16 8 21 10 14 18 13 19 22 17 20 28 33 30 34 -7 -3 23 39 -25 -20 -6 -14 -1 -23 -2 32 -27 -4 -5 -35 -16 -37 -12 -9
right_child=2 4 3 12 26 15 -8 11 -10 -11 38 -13 27 -15 36 -17 -18 -19 25 -21 -22 29 -24 24 -26 31 -28 -29 -30 -31 -32 -33 -34 35 -36 37 -38 -39 -40 -41
leaf_value=0.066272779532055764 0.041702246087831393 0.042601902973427183 0.035687401749743212 -0.013991054494694274 0.050494377105433884 0.052262129568724044 0.068682888952129581 0.037015905006305541 -0.016142206654966813 0.068254969569310639 0.0061846139641389972 0.01101347117634106 0.064183342843021851 -0.0073762238486128279 -0.0089457225066126231 0.072554872750048113 0.013314644266374503 -0.016966324595091068 0.037329280082810355 0.072278276886042658 0.030055108164179337 0.021786055927517575 0.060478007398545114 0.035815961993029895 0.016158326955624577 -0.010467986707161175 0.075701410873319483 0.0070312866968066353 0.076017158413290917 0.040074276152648781 0.026284182263893001 0.040565072707634965 0.050789640949830635 0.0060918190978658231 -0.026354770997418498 0.043150713090849439 0.0073176653510104066 0.0055019424023445736 0.020201510025787114 0.026317111468571807
leaf_weight=20901.259703144431 2451.2094415575266 10988.759252294898 781.40948513150215 3083.8089969456196 864.78601858019829 13811.233276262879 604.23540768027306 7525.4051980823278 942.71827992796898 262.68736977875233 4667.077056363225 3659.4204417318106 141.54849050939083 565.01448920369148 4295.4854439496994 1692.2285448312759 233.59673093259335 610.7632904201746 457.63931579887867 57.108243942260742 1068.3449616134167 2087.2046966254711 451.02899549901485 1528.3537815213203 3113.6247106343508 936.55507029592991 1726.7676990777254 528.20356452465057 4450.222473308444 2024.7693760246038 3501.5014027506113 209.28042916953564 123.37759640812874 2138.8082658052444 6827.4087899178267 551.70604430139065 1630.9953224360943 364.33334885537624 2394.7681198120117 3911.3574588000774
leaf_count=35100 7809 31331 2727 18772 2083 32834 939 24463 5716 414 22051 16512 374 3141 24841 2309 981 3805 1627 83 3648 7920 1068 5368 12802 4839 2081 2591 5433 6475 13089 752 392 10538 45963 2008 8063 1759 10228 13998
internal_value=0.0345619 0.0486641 0.00430076 -0.00744135 0.0343116 0.0617532 0.0196371 0.0319274 0.0177469 0.00449648 0.0199143 0.0264999 -0.019377 0.0298148 0.00288086 0.0529037 0.0674848 0.0126769 0.0281678 -0.021964 0.050668 0.0393866 0.0310862 0.0302611 0.0226316 0.0127705 0.0672937 0.019123 0.0679838 0.0307926 0.032634 0.00391158 -0.00333069 0.0173969 -0.0225082 0.0127166 -0.00446988 0.0281805 0.0109383 0.0333574
internal_weight=118166 80603.4 37562.6 21274.3 38446.5 42156.9 16288.4 35854.9 15684.1 10636.2 14741.4 20754.2 10638.1 17094.8 10373.5 16571.8 25585.1 4447.02 7679.56 9968.33 14879.6 15100.7 16529.8 16078.7 4641.98 1726.85 2591.55 669.752 25351.5 4111.97 5952.71 1269.21 1059.93 3836.26 9911.22 3054.85 5926.48 916.039 7061.85 11436.8
internal_count=396927 207547 189380 121938 127242 80305 67442 123078 66503 54155 60787 77352 67783 60840 53741 38791 41514 20837 28508 64818 36482 45726 57699 56631 18170 7610 4164 2965 40533 14395 20898 5983 5231 17032 64735 14305 32904 3767 32279 38461
is_linear=0
shrinkage=0.0259801


Tree=8
num_leaves=41
num_cat=0
split_feature=0 6 2 3 14 20 17 2 2 17 9 17 12 3 12 31 19 17 2 12 12 12 7 9 37 12 12 7 28 19 40 28 12 7 20 19 19 26 12 2
split_gain=75789.1 19010.5 10052.6 4774.42 3344.71 3198.31 2203.26 1976.24 1865.7 1463.7 1398.04 1168.97 991.656 832.265 814.733 746.19 993.902 742.313 712.019 709.017 886.563 660.316 621.439 538.39 524.343 474.832 950.202 450.354 438.512 428.016 418.04 357.98 442.5 326.237 320.027 422.98 319.095 303.164 411.609 300.551
threshold=1.0000000180025095e-35 324.50000000000006 3.5279158353805546 19.92499923706055 0.013910388574004175 -0.0022805046755820508 362.30833435058599 5.0414702892303476 7.4888758659362802 362.30833435058599 1.0000000180025095e-35 203.841667175293 47.500000000000007 18.791666030883793 40.500000000000007 0.50006946921348583 0.52542304992675792 245.70832824707034 2.5159499645233159 50.500000000000007 81.500000000000014 35.500000000000007 0.21022324264049533 1.0000000180025095e-35 10.187500000000002 47.500000000000007 42.500000000000007 0.34855923056602484 -0.87837970256805409 0.69073256850242626 167.20833587646487 0.6078576147556306 41.500000000000007 1.1179386973381045 -0.050527250394225114 1.0283693075180056 1.3971124291419985 1.4600100517272951 51.500000000000007 6.7786295413970956
decision_type=2 2 2 2 2 2 2 2 2 2 2 2 2 2 2 2 2 2 2 2 2 2 2 2 2 2 2 2 2 2 2 2 2 2 2 2 2 2 2 2
left_child=1 4 9 7 14 10 8 17 12 13 15 19 34 18 -1 -3 -17 25 27 24 -21 -10 -18 -7 31 26 -4 -2 -14 -12 -23 -9 -33 -20 -6 -36 -16 -30 -39 -24
right_child=2 5 3 -5 6 23 -8 11 21 -11 29 -13 28 -15 36 16 22 -19 33 20 -22 30 39 -25 -26 -27 -28 -29 37 -31 -32 32 -34 -35 35 -37 -38 38 -40 -41
leaf_value=-0.0021507664286678453 0.048718097471610378 -0.020316198954890154 0.044792895325395529 0.07272432361253621 0.032425649113068201 -0.022993332547728802 -0.010708309781814439 0.023533882074311709 0.0095502272443721455 0.010886102616454316 0.038342964230504227 -0.0083950250304867437 0.020802755362747352 0.07349948519447147 0.018804490460040429 0.022176559076850011 -0.0073442142821471285 0.0069872237826816711 0.057604997368368764 0.044502677338432273 0.013695017933168531 0.022931162575373146 0.045951584772166987 0.0029184027492512288 0.043872005755989429 0.051903762073654464 0.0036600646458991777 0.066629281217786732 0.053370301638772467 0.010947569513973653 0.063449800979071228 0.038890746549533291 0.010841299275527327 0.033189645690392851 0.029429526037546717 0.013964658379628302 0.0010589999860167762 0.05332587626780539 0.036112622562491786 -0.019156563304594934
leaf_weight=3413.725224390626 1021.337796151638 1821.5059921443462 5607.2475100010633 3140.2392973601818 4290.7523863017559 7965.0129027664661 1013.5611736178398 5533.072338104248 3488.9774892777205 364.52243795990944 456.78102052211761 445.18021939694881 756.04979392886162 4573.0633947700262 3223.1857455223799 1011.1040193736553 6012.6185634285212 314.03064613044262 11709.176839411259 5646.9269231855869 709.93489426374435 4512.3405449539423 222.90676851570606 580.65373654663563 1551.4475547671318 7211.8955839276314 406.5910207182169 13517.429149970412 1229.8282034397125 2444.5620070546865 178.57258135080338 2539.9553755074739 446.50960183143616 382.22259756922722 2737.4591423422098 2117.7212897241116 868.20057126879692 1148.0193043798208 5139.4129737019539 60.824401944875717
leaf_count=17252 2444 11739 14404 3641 14017 53159 5939 19540 15445 1575 1577 2375 2720 5199 13837 4267 34406 1452 22346 15663 2700 17544 705 3019 4307 16497 1586 19919 3082 11466 465 7831 1721 1112 9675 8575 4283 2890 16206 347
internal_value=0.0331901 0.0106435 0.0521266 0.0422252 0.0225383 -0.00907976 0.0268581 0.0390757 0.0283456 0.0626504 -0.000446818 0.0331424 0.0331519 0.063255 0.00722033 -0.00543973 -0.00173114 0.0464692 0.0614953 0.0342681 0.0410625 0.0181099 -0.00557086 -0.0212327 0.0299788 0.0474065 0.0420121 0.0653716 0.0396699 0.0152626 0.0244758 0.0274479 0.0346979 0.0568337 0.0272552 0.0226848 0.0150391 0.041567 0.0392569 0.031991
internal_weight=119815 54693.8 65120.8 33553 34117.8 20576 26612.7 30412.8 25599.1 31567.8 12030.3 16873 17419.2 31203.2 7505.11 9128.96 7307.45 13539.8 26630.2 16427.8 6356.86 8179.89 6296.35 8545.67 10071 13225.7 6013.84 14538.8 8273.31 2901.34 4690.91 8519.54 2986.46 12091.4 9145.93 4855.18 4091.39 7517.26 6287.43 283.731
internal_count=396927 252615 144312 91717 131930 120685 96558 88076 90619 52595 64507 54137 57165 51020 35372 51464 39725 33939 45821 51762 18363 33454 35458 56178 33399 32487 15990 22363 24898 13043 18009 29092 9552 23458 32267 18250 18120 22178 19096 1052
is_linear=0
shrinkage=0.0259801


Tree=9
num_leaves=41
num_cat=0
split_feature=0 1 2 1 3 1 1 23 39 23 8 27 1 12 8 2 12 3 1 11 25 2 8 11 12 37 1 45 12 12 39 12 25 8 11 1 1 1 1 25
split_gain=69432.5 22489.6 9183.11 5634.99 4397.01 3218.65 2239.65 2230.03 1866.71 1683.79 1271.04 1229.46 1208.77 1055.71 839.262 802.319 782.219 775.526 973.163 763.859 756.12 676.802 649.797 606.246 586.602 523.04 522.924 522.44 511.85 635.641 503.91 489.952 478.991 470.561 444.599 430.176 422.124 358.924 357.655 353.425
threshold=1.0000000180025095e-35 -0.070538349449634538 3.5279158353805546 -0.1434010714292526 18.391666412353519 -0.16906592249870298 -0.051946073770523064 99.979160308837905 -0.44210442900657648 99.979160308837905 99.971767425537124 7.1250000000000009 -0.26192043721675867 39.500000000000007 99.958141326904311 2.2194510698318486 63.500000000000007 18.791666030883793 -0.31894789636135096 -1.0000000180025095e-35 2.064185738563538 2.2194510698318486 44.527770996093757 -0.039594110101461404 43.500000000000007 5.5208332538604745 -0.10882326215505599 1.0000000180025095e-35 82.500000000000014 47.500000000000007 -0.035895369946956628 45.500000000000007 2.7214868068695073 27.169016838073734 -0.026150087825953957 -0.028896703384816643 -0.1667472571134567 -0.17147718369960782 -0.094132833182811723 4.1266496181488046
decision_type=2 2 2 2 2 2 2 2 2 2 2 2 2 2 2 2 2 2 2 2 2 2 2 2 2 2 2 2 2 2 2 2 2 2 2 2 2 2 2 2
left_child=1 3 10 7 5 22 34 8 16 13 17 14 27 23 28 19 -1 18 -2 39 -15 24 -4 26 -22 -23 -5 -10 29 31 -9 -7 -20 37 -3 -8 -21 -17 -28 -14
right_child=2 6 4 9 -6 11 35 30 12 -11 -12 -13 15 20 -16 33 -18 -19 32 36 21 25 -24 -25 -26 -27 38 -29 -30 -31 -32 -33 -34 -35 -36 -37 -38 -39 -40 -41
leaf_value=-0.0087494305875484794 0.062998743305797383 0.002467425917819253 0.050095012451133313 0.024227303476499096 0.068838601769641211 0.02545949372842217 -0.017391558840289822 -0.012466618268285655 0.054406538734546595 -0.014982664508015124 0.010971434008897786 0.039890840427572294 0.025225920916368588 0.0041120209828308116 -0.0091000564701712219 0.044517193217360043 0.042527885536445188 0.070076357600752592 0.048466186774093777 -0.018538200401010192 0.028900992214377579 0.020108039209028802 0.023031075877037642 0.00040472650328917233 0.00082468193093155836 0.033988533359521206 -0.0026269906576150107 -0.0070074371162502334 0.0013046048463408934 0.037425954041684056 0.021986350856132257 -0.018591611892123463 0.058891418710812417 0.020230259243450111 -0.013487390012210864 -0.029511174431432398 0.034352049576496388 0.033764843959098817 0.013119139945579863 0.080074619822973994
leaf_weight=903.44727481901646 15141.960340440273 2949.2243111729622 10461.957015171647 1936.8153014779091 3315.7412972599268 7957.7227426618338 2896.5722552239895 870.52302937209606 2684.8038417994976 1466.3684346079826 356.71544632315636 6907.6685285866261 1093.9484624266624 1906.175987675786 436.73103645443916 3537.4746656268835 258.00369153916836 4671.3810147792101 6697.9931747019291 463.4590852856636 734.34611944854259 4530.6475263535976 635.58563293516636 4373.5106239020824 1588.6816135495901 3078.0315609276295 1434.0016972720623 96.82945229113102 482.35182116925716 3768.4334991276264 426.9264393299818 174.03758585453033 5364.9286637604237 1117.8659302592278 1963.6710405349731 6231.4328044503927 130.36715602874756 5152.605444163084 3032.3506989330053 85.38142703473568
leaf_count=4996 22524 14780 23825 7538 3858 26710 17875 5216 6103 8918 1535 19060 4419 8743 2381 9886 737 5201 14104 2850 3067 17857 2282 21605 8255 10133 7012 454 2002 10782 1777 817 9231 4182 11447 43817 528 16886 13325 209
internal_value=0.0319183 0.0103159 0.0498006 0.0200545 0.0404104 0.037352 -0.0180535 0.031592 0.0343267 0.0119948 0.0597462 0.0310548 0.0368885 0.0137442 0.026293 0.0331938 0.00264566 0.060292 0.0586114 0.0171088 0.0191 0.0219765 0.0485454 0.00786078 0.00970149 0.0257239 0.0129533 0.0522684 0.0275415 0.0286049 -0.00112847 0.0245163 0.0531035 0.0361014 -0.0039099 -0.0256657 -0.00692043 0.0381426 0.00806365 0.0292075
internal_weight=121317 54943.5 66373.2 40902.6 34140.2 30824.5 14040.9 16821.6 15524.2 24080.9 32233 19726.9 14362.7 22614.6 12819.3 11581.1 1161.45 31876.3 27204.9 1773.16 11837.9 9931.71 11097.5 10776.7 2323.03 7608.68 6403.17 2781.63 12382.5 11900.2 1297.45 8131.76 12062.9 9807.95 4912.9 9128.01 593.826 8690.08 4466.35 1179.33
internal_count=396927 252615 144312 164696 91717 87859 87919 58243 51250 106453 52595 61752 45517 97535 42692 38960 5733 51060 45859 8006 48055 39312 26107 49480 11322 27990 27875 6557 40311 38309 6993 27527 23335 30954 26227 61692 3378 26772 20337 4628
is_linear=0
shrinkage=0.0259801


Tree=10
num_leaves=41
num_cat=0
split_feature=4 6 13 20 20 20 3 8 4 12 9 8 35 8 8 10 20 45 12 20 39 18 28 10 39 36 39 9 20 44 28 18 12 9 10 10 20 12 6 16
split_gain=62477.1 16772.3 6459.68 3233.59 3196.32 3014.29 2116.58 2003.37 1612.2 1585.99 1266.32 1168.36 837.512 735.632 688.691 681.884 854.729 660.579 640.596 599.694 513.293 471.128 462.558 442.365 477.965 436.814 415.554 402.269 389.737 379.015 374.532 371.255 358.79 356.18 370.256 353.615 345.114 332.711 331.753 324.869
threshold=1.0000000180025095e-35 324.50000000000006 1.0000000180025095e-35 -0.066561184823513017 -0.0022805046755820508 -0.013910388574004172 19.92499923706055 99.97363662719728 2.5000000000000004 47.500000000000007 1.0000000180025095e-35 99.975093841552749 4.0750000476837167 87.695545196533217 99.977779388427749 143.3972091674805 -0.016680579632520672 1.0000000180025095e-35 29.500000000000004 -0.023604965768754479 -0.46364353597164149 3.5000000000000004 -0.87837970256805409 172.10598754882815 -0.37490367889404291 680.50000000000011 -0.37490367889404291 1.0000000180025095e-35 -0.087418120354413972 1.0000000180025095e-35 0.6078576147556306 5.5000000000000009 22.500000000000004 1.0000000180025095e-35 136.45626068115237 176.82758331298831 -0.03889969736337661 81.500000000000014 6066.5000000000009 10.452083587646486
decision_type=2 2 2 2 2 2 2 2 2 2 2 2 2 2 2 2 2 2 2 2 2 2 2 2 2 2 2 2 2 2 2 2 2 2 2 2 2 2 2 2
left_child=1 5 3 11 10 7 8 9 28 12 14 17 29 19 15 16 21 23 -7 -5 -11 30 -22 24 -2 36 35 -6 -4 -1 -3 -13 38 34 -20 -10 -24 -21 39 -17
right_child=2 4 6 13 27 18 -8 -9 26 20 -12 31 -14 -15 -16 32 -18 -19 33 37 22 -23 25 -25 -26 -27 -28 -29 -30 -31 -32 -33 -34 -35 -36 -37 -38 -39 -40 -41
leaf_value=0.014354461856144564 0.038040627095823794 0.029073875443847312 0.050437066633627063 0.034625454444021334 -0.022445211237764953 -0.0030273944094256849 0.0668897815253537 -0.011818362599451753 0.045308186086409359 0.0056946155800983132 0.014847467547095532 -0.013402976268095727 0.028738952808048501 0.0069861066335021975 -0.024982679785206473 0.01373323754162286 -0.008863532605040662 0.021093755148807312 -0.0034457401214410223 0.024000050057514526 0.018838400360702941 -0.00254067184777207 0.051275468272279454 0.055693900001303698 0.049251822320074738 0.033204910449961642 0.057859821606115074 0.00027131181815140431 0.038428874094580616 0.033803105572718158 0.0053921687642222845 0.035921427548945721 -0.015638055840967682 0.022961107990322853 0.014692922044584104 0.060705112547633923 0.031017015441325683 -0.012257005452471091 -0.0099512314667905694 0.08674959383901662
leaf_weight=8272.0715771317482 3701.0902623385191 1232.7158344984055 2650.9525462239981 8867.0838405638933 7703.7341878265142 2851.1066251397133 7822.4680652916431 950.8855994194746 3856.4805553108454 426.50694240629673 2951.0911955684423 281.81379298865795 5601.7140543311834 930.28881523013115 1006.6768750697374 266.62040863931179 2017.0556142926216 624.69077417254448 1240.2987628728151 3624.2586322575808 1114.9563760012388 875.14745159447193 1937.8897611051798 4111.6946336328983 8402.8589038252831 7455.0180152952671 14911.049481585622 564.71896858513355 5870.5763971805573 736.52356819808483 710.69504742324352 162.10997718572617 2646.335300013423 1512.7541390806437 1959.400758549571 1365.4590263217688 804.16217133402824 179.18257367610931 437.25683444738388 48.488280490040779
leaf_count=32892 9212 4884 5260 24927 52917 14571 8584 5727 8482 1768 13038 1504 18999 4010 6910 1330 11728 1962 6196 12600 4026 4660 4767 7073 17135 23189 24414 2987 15493 2381 3579 605 16129 6149 8436 2067 2604 835 2613 138
internal_value=0.0307056 0.0102479 0.0475072 0.0387635 -0.00842482 0.0212065 0.0549104 0.0252274 0.0516397 0.0265644 3.15467e-05 0.0462207 0.0208507 0.0292862 -0.00470006 -0.00221998 0.00404776 0.0473174 0.00669297 0.0309234 0.0336756 0.0132875 0.0347305 0.0483274 0.0458243 0.0364679 0.0556494 -0.0208937 0.0421654 0.0159451 0.0204148 0.00461565 -0.0111374 0.0125738 0.00766201 0.049336 0.0453365 0.0222915 0.00469295 0.0250085
internal_weight=122686 55323.8 67362.1 30885.1 20460.5 34863.3 36477 27299.7 28654.5 26348.8 12192.1 17284.3 14610.3 13600.8 9240.99 8234.31 4835.61 16840.3 7563.56 12670.5 11738.5 2818.56 11312 16215.6 12103.9 10197.1 20133 8268.45 8521.53 9008.6 1943.41 443.924 3398.7 4712.45 3199.7 5221.94 2742.05 3803.44 752.366 315.109
internal_count=396781 252618 144163 79863 120913 131705 64300 96353 55716 90626 65009 37491 54272 42372 51971 45061 24851 35382 35352 38362 36354 13123 34586 33420 26347 30560 34963 55904 20753 35273 8463 2109 20210 20781 14632 10549 7371 13435 4081 1468
is_linear=0
shrinkage=0.0259801


Tree=11
num_leaves=41
num_cat=0
split_feature=6 1 20 1 1 1 23 17 1 10 1 12 1 6 6 1 18 1 45 18 38 12 1 15 37 1 33 9 18 17 9 11 12 20 11 1 18 18 37 1
split_gain=53401.3 13206.8 15787.6 6625.85 5880.02 5815.96 1887.04 1679.05 1547.78 1893.74 1507.49 1105.1 1083.93 1079.57 1048.75 824.591 784.793 773.747 721.613 718.136 702.972 643.583 598.822 571.836 566.567 564.523 542.447 482.334 472.162 466.619 461.715 446.935 431.568 430.723 432.001 416.682 411.468 405.525 392.044 346.515
threshold=165.50000000000003 -0.26192043721675867 1.0000000180025095e-35 -0.057232525199651711 1.0000000180025095e-35 -0.12099746614694594 99.979160308837905 446.76667785644537 -0.12687272578477857 155.19978332519534 -0.059894565492868417 36.500000000000007 -0.17238496243953702 25.500000000000004 287.50000000000006 -0.028896703384816643 1.5000000000000002 -0.44258223474025721 1.0000000180025095e-35 4.5000000000000009 4.7832942008972177 51.500000000000007 -0.21052950620651242 19.941666603088382 15.979166507720949 -0.079619124531745897 2.5000000000000004 1.0000000180025095e-35 5.5000000000000009 398.22500610351568 1.0000000180025095e-35 -0.22186474502086637 46.500000000000007 -0.016652801074087616 -0.02636073715984821 -0.19622348994016645 3.5000000000000004 2.5000000000000004 5.9375000000000009 -0.18746571987867353
decision_type=2 2 2 2 2 2 2 2 2 2 2 2 2 2 2 2 2 2 2 2 2 2 2 2 2 2 2 2 2 2 2 2 2 2 2 2 2 2 2 2
left_child=1 17 5 6 15 7 8 11 9 22 13 16 -13 38 -11 -5 -3 -1 29 30 32 -22 -2 -4 25 37 -27 -16 -9 -19 31 -10 -14 34 -33 -18 -24 -15 -7 -37
right_child=3 2 23 4 -6 10 -8 28 19 14 -12 12 20 24 27 -17 35 18 -20 -21 21 -23 36 -25 -26 26 -28 -29 -30 -31 -32 33 -34 -35 -36 39 -38 -39 -40 -41
leaf_value=0.061899659371085491 0.052886623071009442 0.037384053423166447 0.052323183819434321 -0.013413400959584569 0.057888318418759327 0.020910168740726699 -0.016334303221557968 -0.017879777012506291 0.045607522913990783 0.028373511755746764 -0.007101861984582852 0.044711316472949424 0.016044820729702185 0.020885047557713508 -0.014378173798757908 -0.029245878806415489 0.033030037242749388 0.052770943677833214 0.017624103463445888 -0.0090225363612210317 0.044783882562880482 0.031307536885038317 0.0340108281227499 0.063894962586994009 0.041561194711074466 -0.0030777013275605758 0.050500938150223162 0.038358017563970163 0.022866136034379241 0.01475207880896558 0.016333272068484866 0.018080947733913562 0.031135180455978857 -0.0036531219160025048 -0.0050626598395315803 -0.0074741913502231897 0.012765731683897059 0.0095584964431568147 0.033075868852902694 0.019910310515144913
leaf_weight=6575.1609999984503 792.12095063924789 3279.2734466940165 4663.7342943698168 3535.1741236001253 641.66628059744835 4536.6556374430656 1953.9440351724625 529.84673580527306 167.79329381883144 713.50249242782593 1757.3202869743109 8544.9939156621695 1969.2655855417252 3986.94201387465 1372.8328914493322 5971.9464313834906 1681.8518224656582 20470.090777754784 411.77678953111172 2042.4704788327217 4371.6506651192904 5287.6222784221172 1965.3742496520281 7576.0270188003778 449.30840490758419 2102.5915936976671 135.61382326483727 127.81369984149933 300.79420913755894 220.39682425558567 3011.826027020812 1706.0689622908831 3653.6356507688761 3233.7879460453987 799.36395137012005 334.30640858411789 896.15685930848122 4590.6130931079388 2952.6303490549326 4633.825863301754
leaf_count=8488 2070 9122 8102 21627 935 15252 12347 3050 613 2489 8560 19758 7185 15173 8439 43418 4432 35855 1237 11094 10674 15565 6805 8262 1301 9970 387 425 1358 925 12944 7152 10903 17918 4189 1331 3830 19312 8447 15837
internal_value=0.0295963 0.0390063 0.0327964 -0.00130721 -0.0182212 0.0268672 0.00783177 0.0333674 0.0106377 0.0214061 0.0159063 0.0342653 0.0373001 0.0180623 0.00244638 -0.023359 0.0269824 0.0541145 0.0516883 0.00487294 0.0331556 0.0374074 0.0328952 0.0594865 0.0129796 0.0117916 0.000172118 -0.00988276 -0.00312309 0.0523661 0.0080552 0.00383409 0.0258508 0.00261151 0.0106971 0.0218523 0.0273586 0.0148235 0.0257071 0.0180674
internal_weight=123948 95015.9 67338.5 28931.8 10148.8 55098.7 18783.1 34587.1 16829.1 5867.8 20511.7 33756.4 23827.2 18754.4 2214.15 9507.12 9929.26 27677.4 21102.3 10961.3 15282.2 9659.27 3653.65 12239.8 11265.1 10815.8 2238.21 1500.65 830.641 20690.5 8918.84 5907.01 5622.9 5739.22 2505.43 6649.98 2861.53 8577.56 7489.29 4968.13
internal_count=396781 240486 193981 156295 65980 177617 90315 99215 77968 24058 78402 94807 64085 69842 11353 65045 30722 46505 38017 53910 44327 26239 12705 16364 46143 44842 10357 8864 4408 36780 42816 29872 18088 29259 11341 21600 10635 34485 23699 17168
is_linear=0
shrinkage=0.0259801


Tree=12
num_leaves=41
num_cat=0
split_feature=4 1 14 1 15 1 1 17 39 17 17 1 15 1 14 11 17 22 7 37 27 39 7 1 39 7 1 25 1 11 1 11 33 36 22 36 9 11 8 1
split_gain=53588.4 19839.6 5452.02 4825.21 3022.26 2528.76 2020.26 1622.18 1560.54 1421.62 1391.05 1340.07 1090.72 2384.85 1079.19 841.786 774.904 694.837 835.11 672.592 595.185 579.045 565.665 564.738 536.36 456.041 444.18 417.624 411.972 542.82 405.642 378.941 346.302 339.796 324.955 324.405 421.742 313.228 307.015 302.742
threshold=1.0000000180025095e-35 -0.070538349449634538 0.079265873879194274 -0.1434010714292526 12.25833320617676 -0.16906592249870298 -0.028896703384816643 446.76667785644537 -0.44210442900657648 381.78334045410162 283.24165344238287 -0.26192043721675867 9.9083333015441912 -0.30942393839359278 0.013910388574004175 -0.027016019448637959 203.841667175293 1.0000000180025095e-35 1.0000000180025095e-35 5.6875000000000009 7.1250000000000009 -0.37370252609252924 0.22155036032199862 -0.08120632171630858 -0.40910385549068445 0.15298753231763842 -0.19457451254129407 2.9642728567123418 -0.19161341339349744 -0.040549110621213906 -0.27773347496986384 -0.12160018458962439 1.5000000000000002 342.50000000000006 20.500000000000004 119.50000000000001 1.0000000180025095e-35 -0.019072797149419781 41.889816284179695 -0.44258223474025721
decision_type=2 2 2 2 2 2 2 2 2 2 2 2 2 2 2 2 2 2 2 2 2 2 2 2 2 2 2 2 2 2 2 2 2 2 2 2 2 2 2 2
left_child=1 3 4 7 5 30 27 8 22 12 14 -10 13 39 24 19 20 18 26 23 -7 28 35 34 -5 -21 -13 37 -15 -30 -2 -23 -25 -26 -16 -1 -37 -3 -32 -4
right_child=2 6 9 10 -6 16 -8 -9 11 -11 -12 17 -14 21 15 -17 -18 -19 -20 25 -22 31 -24 32 33 -27 -28 -29 29 -31 38 -33 -34 -35 -36 36 -38 -39 -40 -41
leaf_value=0.02371234009268532 0.050881746806415246 -0.00049205269907105125 0.0596039508658339 0.015690045054110341 0.05555869033969562 0.022650029333512466 -0.029095969241930988 -0.011105147283887106 0.047401914004366504 0.0076846821562369209 -0.016022633428407238 -0.011261234368517765 0.058655075419114716 0.041385116893844276 0.016583109371087049 0.0062538460446868362 -0.0098262487124478447 0.035853106478978623 0.02783655190259663 0.017853024717682516 0.033292436867818256 0.02701283052225394 0.03162410615038188 -0.006928483519059842 0.0257287550483652 0.036533523537398228 0.018244719024884726 -0.019041986246908248 0.03467801619614061 0.0098866728786505993 0.040545183557840016 0.04600047121305352 0.042123579184946774 -0.0012994213890646109 0.036242145261901816 -0.021032807521748683 0.048530332996899683 -0.013047542362723236 0.017628483891505106 0.052304513921101664
leaf_weight=179.53550547361374 2805.9410776793957 3509.2483707070351 6142.3882678151131 2095.9109441787004 4259.446868032217 9831.1816553175449 5907.9141798019409 660.59396244585514 3282.208208873868 527.12643679976463 1222.1338567435741 608.75266769528389 8876.3910543173552 2325.1057546585798 6180.1022629588842 4127.0579800307751 406.9689374268055 5269.8335285335779 5641.3361806422472 1467.0459527224302 5551.2499936074018 776.56844937801361 336.01132288575172 957.42770214378834 333.52442221343517 2214.2249720990658 792.49613681435585 2020.975691691041 1795.3515936583281 892.67903807759285 6095.1551708132029 8310.7458307892084 107.94863638281822 5308.4409696608782 624.91930451989174 691.87645953893661 64.135334506630898 2170.6120424866676 422.28322522342205 10276.326510384679
leaf_count=842 4989 18333 7694 9130 6103 31725 43743 4064 7435 2319 7666 3554 11113 4950 24100 17883 2161 15496 17911 5661 15209 2047 1002 4662 1412 6464 3442 12536 4584 2993 14073 16462 344 27308 2040 4254 179 13157 1498 16243
internal_value=0.0285625 0.00960691 0.0438194 0.0184097 0.035323 0.0318904 -0.0176677 0.0288299 0.0303942 0.0500702 0.0109971 0.0326507 0.0506373 0.0483051 0.0124074 0.0163256 0.0255548 0.0287178 0.0233779 0.0199237 0.026491 0.0404671 0.00271865 0.0156357 0.00446816 0.0290902 0.00542643 -0.00889972 0.033376 0.0264461 0.0426193 0.0443784 -0.00195253 0.000299047 0.0183893 -0.00766674 -0.0151222 -0.0052905 0.0390608 0.0550359
internal_weight=125069 55774.3 69294.9 42165.5 29372.2 25112.8 13608.8 17526.8 16866.2 39922.7 24638.7 15594.6 39395.6 30519.2 23416.6 15678.7 15789.4 12312.4 7042.58 11551.7 15382.4 14100.5 1271.56 7870.4 7737.88 3681.27 1401.25 7700.84 5013.14 2688.03 9323.38 9087.31 1065.38 5641.97 6805.02 935.547 756.012 5679.86 6517.44 16418.7
internal_count=396781 252618 144163 164849 75758 69655 87769 58179 54115 68405 106670 47838 66086 54973 99004 61154 49095 40403 24907 43271 46934 31036 6277 31146 37850 12125 6996 44026 12527 7577 20560 18509 5006 28720 26140 5275 4433 31490 15571 23937
is_linear=0
shrinkage=0.0259801


Tree=13
num_leaves=41
num_cat=0
split_feature=0 1 14 1 3 1 1 6 45 23 3 1 16 1 1 1 27 18 6 18 18 45 24 29 1 39 1 1 42 1 23 11 29 11 1 11 6 4 6 18
split_gain=50006.7 18523.9 5151.77 4333.77 3068.19 2590.33 1993.07 1534.48 1447.62 1370.48 1333.94 2565.66 1029.93 886.607 854.593 662.886 640.977 637.584 613.655 611.673 533.32 498.102 487.157 465.493 457.143 421.98 407.816 396.701 389.242 385.522 377.673 408.281 370.909 363.311 356.538 355.512 340.979 330.016 324.899 318.638
threshold=1.0000000180025095e-35 -0.070538349449634538 0.079265873879194274 -0.1434010714292526 10.391666412353517 -0.16906592249870298 -0.028896703384816643 319.50000000000006 1.0000000180025095e-35 99.979160308837905 9.0749998092651385 -0.27773347496986384 11.659028053283693 -0.26192043721675867 -0.10473976656794547 -0.24965529888868329 7.1250000000000009 1.5000000000000002 334.50000000000006 3.5000000000000004 3.5000000000000004 1.0000000180025095e-35 0.50833332538604747 479.94166564941412 -0.19328109920024869 -0.43472871184349055 -0.44258223474025721 -0.051946073770523064 149.50000000000003 -0.26577664911746973 99.967487335205092 -0.017145679332315918 479.30833435058599 -0.1600881218910217 -0.076215479522943483 -0.019072797149419781 563.50000000000011 17.500000000000004 195.50000000000003 3.5000000000000004
decision_type=2 2 2 2 2 2 2 2 2 2 2 2 2 2 2 2 2 2 2 2 2 2 2 2 2 2 2 2 2 2 2 2 2 2 2 2 2 2 2 2
left_child=1 3 4 7 5 29 27 13 15 12 11 21 14 -1 18 32 23 -15 -5 25 28 26 -19 34 -10 -13 -4 35 -16 -2 31 39 -9 -20 -7 -3 -26 -23 -22 -17
right_child=2 6 10 9 -6 16 -8 8 24 -11 -12 19 -14 17 20 30 -18 22 33 -21 38 37 -24 -25 36 -27 -28 -29 -30 -31 -32 -33 -34 -35 -36 -37 -38 -39 -40 -41
leaf_value=0.043672670729856068 0.047801023160901179 0.00067246882835978242 0.057800049088696723 0.01974986253328859 0.055624203511213915 0.023709219371913118 -0.028904468130694309 0.060074310861053741 -0.03077253216627969 -0.014093545718240334 0.0578829312376406 0.0054810302173605276 0.033224590737433404 0.036441916958636876 0.0011654962658314086 0.037963742561174442 0.031393081121861822 0.012942778948971783 0.046574815449307409 0.028492938100377202 0.0047817145109119346 0.0026477356291478198 0.027569056306112928 -0.001859465650147507 -0.02019428107390488 0.041648708005005926 0.04974788527031504 -0.016450806810254518 0.014034862389378974 0.037214358565115763 -0.011115483185290004 0.001667812779785967 0.0091230581127973789 0.001238187052275133 0.0087303714039627615 -0.014401185901558141 0.070620163019623941 0.044340672003637623 -0.0096285528487210243 0.0062095550348819977
leaf_weight=3000.5413928627968 3728.6079110503197 3282.7908181399107 6209.4717511832714 7775.4104773849249 3841.8009356558323 8643.2492565065622 5774.8402664959431 376.50333349406719 592.84211196005344 1425.9027004390955 7742.5348694324493 223.72579549252987 1465.6860313564539 3829.1003914773464 2258.4393250048161 734.55329324305058 5610.2770209908485 2143.3470086157322 126.7655231654644 4139.3089521974325 2541.148542419076 222.96273311972618 5437.7028255611658 592.44103859364986 54.123618364334106 8211.953765720129 13491.6506267488 2808.8890881687403 5330.3383712917566 6170.4241528511047 342.08641338348389 590.19251504540443 129.71438930928707 1986.4761592745781 1224.8445279598236 1556.7913165688515 57.318008810281754 301.22894878685474 1806.7765166461468 300.65167436003685
leaf_count=6605 6727 16690 7644 28449 4983 27122 43644 843 4131 8886 9101 780 4625 10814 10787 2471 15316 8257 406 10801 11013 701 16798 2792 295 17521 21654 17854 22394 14677 2149 3290 687 10261 4458 9428 155 509 9679 1384
internal_value=0.027591 0.00920732 0.042153 0.0176445 0.033954 0.0307479 -0.0173837 0.0275017 0.0111602 0.0106299 0.0481817 0.0458914 0.0121436 0.0311053 0.0107277 0.0205161 0.0243078 0.0277999 0.0163759 0.0366753 0.0060484 0.0516211 0.0234342 0.0205074 -0.0216981 0.0406896 0.0522863 -0.00868462 0.010205 0.0412027 0.0136919 0.0189136 0.0470257 0.0039612 0.0218502 -0.00417673 0.0265495 0.0266132 -0.00120659 0.028744
internal_weight=126083 55728.9 70354.5 42305.6 29811.6 25969.8 13423.3 17588.7 3177.99 24716.9 40542.8 32800.3 23291 14410.7 21825.4 2473.7 16070.8 11410.2 9888.65 12575 11936.7 20225.3 7581.05 10460.5 704.284 8435.68 19701.1 7648.47 7588.78 9899.03 1967.48 1625.4 506.218 2113.24 9868.09 4839.58 111.442 524.192 4347.93 1035.2
internal_count=396781 251995 144786 164379 76075 71092 87616 57879 15405 106500 68711 59610 97614 42474 92989 10824 49688 35869 39116 29102 53873 30508 25055 34372 4581 18301 29298 43972 33181 21404 9294 7145 1530 10667 31580 26118 450 1210 20692 3855
is_linear=0
shrinkage=0.0259801


Tree=14
num_leaves=41
num_cat=0
split_feature=4 6 2 14 2 13 8 23 26 14 8 8 14 30 8 2 22 7 22 45 18 26 6 4 14 26 7 24 18 7 34 41 7 14 26 18 7 39 45 14
split_gain=46275.9 13118.2 7196.29 2774.07 2449.19 2435.06 1348.48 1189.87 1313.7 983.202 899.141 824.831 781.075 775.026 716.604 538.337 517.503 638.32 458.669 461.308 435.019 414.106 358.915 506.814 334.825 327.997 326.28 310.326 295.035 294.017 292.527 289.035 288.211 279.733 277.737 261.98 261.848 260.229 259.555 261.8
threshold=1.0000000180025095e-35 324.50000000000006 3.4302525520324711 0.0013898547622375192 7.4888758659362802 1.0000000180025095e-35 99.975093841552749 99.979160308837905 0.34931154549121862 0.016680579632520679 99.979152679443374 99.978321075439467 0.025034818798303608 1.0000000180025095e-35 70.057567596435561 2.4994267225265507 1.0000000180025095e-35 0.21022324264049533 1.0000000180025095e-35 1.0000000180025095e-35 2.5000000000000004 4.5748593807220468 11.500000000000002 1.5000000000000002 0.013910388574004175 5.3594722747802743 0.15102908015251162 5.1416666507720956 5.5000000000000009 0.25834231078624731 1.0000000180025095e-35 4.5000000000000009 2.3109284639358525 0.10710858553647996 0.59586697816848766 2.5000000000000004 1.1179386973381045 -0.37334217131137842 1.0000000180025095e-35 0.019462482072412971
decision_type=2 2 2 2 2 2 2 2 2 2 2 2 2 2 2 2 2 2 2 2 2 2 2 2 2 2 2 2 2 2 2 2 2 2 2 2 2 2 2 2
left_child=1 4 11 18 6 10 9 8 31 26 12 15 -4 16 24 -2 17 -10 -3 -20 32 -21 23 -7 25 29 -1 -14 -12 -6 34 -5 -11 -18 -22 38 -17 -36 -26 -40
right_child=2 3 5 7 14 22 -8 -9 13 20 28 -13 27 -15 -16 36 33 -19 19 21 30 -23 -24 -25 35 -27 -28 -29 -30 -31 -32 -33 -34 -35 37 -37 -38 -39 39 -41
leaf_value=0.004807634057853072 0.052721240875158934 -0.02342813430437252 0.018625999279015645 0.014325168325214615 0.011427184974415739 0.029495368553052015 -0.010933321466370761 -0.020271887372533506 -0.013064939387124686 0.032182211644942622 -0.021386787248204128 0.0078348962008266496 0.027449710819544369 0.011775815307709724 -0.0058243707832087207 0.046619426302053457 0.0028087063972967873 0.030430460349790953 -0.012842593677655527 0.016163392027196591 0.04630611775004554 0.13604878183007935 0.047982608436021743 0.041478000984071159 0.022789396107294212 -0.0070218591893696693 0.021382053364530518 0.034682814354669966 0.018934029669273253 -0.032784368820260361 0.054308394796516189 0.036646223482503279 -0.00079518881017938382 0.045835520181550619 0.016849362006031241 0.010794245564820004 0.025286656081321669 0.025870643614844663 0.029499014570749629 -0.012552473760852851
leaf_weight=1877.1336845457554 18698.804177194834 5956.5943936109543 4705.9877394288778 811.05215293169022 3403.4814571142197 3184.361230224371 729.66166776418686 1695.6942743957043 4050.1611021459103 8610.2971627116203 330.87642121315002 319.00084954500198 9063.6513361185789 2448.6522339880466 1713.6161861121655 13918.658869370818 2071.6636940687895 241.15102881193161 1680.7368351370096 154.86596608161926 325.38910846412182 22.086695969104767 3396.3157959133387 9486.3992134928703 3314.0599823147058 960.95724652707577 1399.2686659246683 7180.7008375823498 194.27536374330521 104.49267673492432 202.47306770086288 757.55379530787468 182.66435523331165 107.10569608211517 3886.6024379879236 4108.6546824127436 400.16462740302086 4857.9093896001577 150.87479111552238 295.13637836277485
leaf_count=8582 24828 43832 15890 3259 14984 8552 4400 11669 24786 24342 1943 1322 24712 10915 8738 22881 10964 815 11065 814 743 45 5458 19452 11750 4932 5127 17237 857 637 395 2399 708 350 13316 16418 1031 14718 517 1398
internal_value=0.0266756 0.00905093 0.0406302 -0.00783102 0.0183967 0.0328291 0.0237943 -8.13296e-05 0.00318354 0.0249817 0.0271056 0.0494152 0.0279472 -0.000672838 0.00991798 0.0498169 -0.00538431 -0.0106196 -0.0199131 -0.00864111 0.0273565 0.0312401 0.0404789 0.038467 0.0121045 0.00642502 0.0118869 0.0306474 -0.00646912 0.0101088 0.0234295 0.0251078 0.0314971 0.00492718 0.0227392 0.0153299 0.0460235 0.0218614 0.0202854 0.00167809
internal_weight=126999 56120 70879.2 19997.3 36122.7 37542.6 22071.4 12183 10487.3 21341.7 21475.5 33336.6 20950.3 8918.73 14051.3 33017.6 6470.08 4291.31 7814.28 1857.69 18065.3 176.953 16067.1 12670.8 12337.7 4468.93 3276.4 16244.4 525.152 3507.97 9272.37 1568.61 8792.96 2178.77 9069.9 7868.73 14318.8 8744.51 3760.07 446.011
internal_count=396781 252618 144163 120913 131705 94101 72331 65157 53488 67931 60639 50062 57839 47830 59374 48740 36915 25601 55756 11924 54222 859 33462 28004 50636 20553 13709 41949 2800 15621 29172 5658 25050 11314 28777 30083 23912 28034 13665 1915
is_linear=0
shrinkage=0.0259801


Tree=15
num_leaves=41
num_cat=0
split_feature=4 21 2 15 11 2 2 23 14 29 14 14 31 31 13 24 11 14 26 18 31 10 37 15 31 29 14 23 10 19 31 40 18 11 11 19 16 36 37 37
split_gain=43583.5 12252.4 6917.6 3339.42 3262.86 2162.85 1309.57 963.44 894.267 888.509 919.598 666.28 633.979 607.544 602.811 451.085 444.736 434.2 425.531 420.287 407.872 355.728 333.729 331.353 323.166 391.748 317.017 314.134 309.261 309.082 685.945 294.619 292.717 287.694 284.19 302.2 279.364 269.154 259.952 281.262
threshold=1.0000000180025095e-35 13.520833492279055 3.4302525520324711 19.691666603088382 -0.015644540078938004 7.4888758659362802 5.0414702892303476 99.979160308837905 0.016680579632520679 479.94166564941412 0.015284148976206781 0.00418417388573289 0.50006946921348583 0.50006946921348583 1.0000000180025095e-35 6.5916666984558114 -0.02636073715984821 0.025034818798303608 1.5299240946769717 3.5000000000000004 0.99986115097999584 166.09483337402347 0.062500001862645163 19.941666603088382 0.50006946921348583 479.70834350585943 0.050054466351866729 99.97778701782228 145.17835235595706 0.5730213224887849 0.78235357999801647 733.56668090820324 3.5000000000000004 -0.173829510807991 -0.018999983556568619 1.572103798389435 11.905158996582033 567.50000000000011 4.3541667461395273 8.0208334922790545
decision_type=2 2 2 2 2 2 2 2 2 2 2 2 2 2 2 2 2 2 2 2 2 2 2 2 2 2 2 2 2 2 2 2 2 2 2 2 2 2 2 2
left_child=1 5 14 6 9 7 19 8 -1 10 32 -6 -7 27 24 26 22 28 -12 -4 -9 -21 -14 -16 25 -2 -10 -8 31 30 -13 -15 33 -3 35 -20 -24 -38 -31 -40
right_child=2 4 3 -5 11 12 13 20 15 -11 18 29 16 17 23 -17 -18 -19 34 21 -22 -23 36 -25 -26 -27 -28 -29 -30 38 -32 -33 -34 -35 -36 -37 37 -39 39 -41
leaf_value=0.011203909313325561 0.04454130419919481 0.027697344271933887 0.037498509365311558 0.053281698580047644 -0.02383318768816067 -0.011873356027653503 0.018407282139678998 -0.0097273553996303306 0.018255361170105351 -0.018397506686102339 0.02619581422060703 -0.022085811507267874 -0.01138008086740494 0.012284614047004747 0.048352853878427311 0.031712693362969342 0.0038048796241313921 0.027881150933723321 0.0030574031781303544 0.024541245791467006 0.026012977399690076 0.039381346172009141 0.013924339249746889 0.055743458510178423 0.044076458734729547 0.010978011771711491 0.026995767440956921 -0.014907559749636893 0.025390604180367881 -0.018954893048371835 0.025048862894997009 0.081159014395016785 -0.010821048563294758 7.0904071094592111e-05 0.082844464170135537 0.026509781386451166 0.06492647908168675 0.022787357849660229 0.012750462480332868 -0.021538216521298208
leaf_weight=3170.1643681675196 480.47611278295517 276.41802917420864 9918.5244688540697 4214.5427767336369 6167.597956828773 870.08537489175797 372.44383196532726 848.07608136534691 5082.2455910593271 1232.0613431632519 1381.5490182191133 374.85891142487526 332.44846212863922 2907.3747914284468 17196.640323013067 6381.3845161348581 4013.550038844347 11601.572757259011 2060.9821529388428 4033.0461568087339 288.76791739463806 1495.1495772451162 8295.5565732419491 5387.2674796879292 10257.106234803796 459.0549607872963 6245.2308235764503 391.87766905128956 2750.1627151966095 1897.7593238502741 468.87432771921158 42.375369340181351 1725.1071553528309 3176.2151152938604 33.883803054690361 452.08111223578453 134.1028546243906 431.44873252511024 424.61636491119862 260.32280942797661
leaf_count=13215 791 1191 21605 5155 46736 5012 1222 4947 17288 8201 4760 2745 1629 10306 25238 17358 18039 31137 10096 10613 914 3132 32760 5735 16932 1624 18004 2167 8355 12253 1833 71 10167 17486 95 1728 284 1476 2336 1760
internal_value=0.0256886 0.00853028 0.039132 0.0314854 -0.00781875 0.017559 0.0287441 0.0226445 0.0239127 0.00230725 0.00510886 -0.0187301 0.00960543 0.0239947 0.0476717 0.0261876 0.0110206 0.0249961 0.0145868 0.0342984 -0.000646522 0.0285559 0.0141706 0.0501162 0.0427402 0.0281471 0.0230746 0.00132675 0.0191231 -0.00954388 0.00410732 0.0132785 -0.00208257 0.00228391 0.00828842 0.00727779 0.0151294 0.0327954 -0.0140035 -0.000283529
internal_weight=127533 56025.4 71507.6 37727.1 19932.3 36093.1 33512.5 22015.9 20879 10338.3 9106.24 9594.03 14077.2 18065.8 33780.5 17708.9 13207.1 17301.5 3928.5 15446.7 1136.84 5528.2 9193.56 22583.9 11196.6 939.531 11327.5 764.322 5699.91 3426.43 843.733 2949.75 5177.74 3452.63 2546.95 2513.06 8861.11 565.552 2582.7 684.939
internal_count=396396 252313 144083 93763 121387 130926 88608 71726 65865 53724 45523 67663 59200 53258 50320 52650 54188 49869 16679 35350 5861 13745 36149 30973 19347 2415 35292 3389 18732 20927 4578 10377 28844 18677 11919 11824 34520 1760 16349 4096
is_linear=0
shrinkage=0.0259801


Tree=16
num_leaves=41
num_cat=0
split_feature=0 6 14 3 20 14 8 8 23 12 3 8 26 12 12 12 9 44 25 12 28 0 23 22 22 0 28 10 9 12 28 14 22 14 37 24 14 8 6 12
split_gain=41008.1 11942.5 4457.16 2873.34 2345.1 1968.13 1271.82 1243.87 1047.49 1038.41 975.895 892.859 875.15 680.359 805.833 778.228 658.354 573.875 552.314 496.868 456.466 444.6 437.238 423.466 420.956 400.238 411.073 375.331 460.13 479.077 371.784 347.114 334.089 322.635 322.212 314.388 313.889 297.254 296.785 323.562
threshold=1.0000000180025095e-35 324.50000000000006 0.079265873879194274 19.691666603088382 -0.0022805046755820508 0.013910388574004175 99.979152679443374 28.002610206604007 99.97778701782228 39.500000000000007 12.091666698455812 56.118078231811531 0.39819209277629858 46.500000000000007 45.500000000000007 81.500000000000014 1.0000000180025095e-35 1.0000000180025095e-35 2.1464958190917973 40.500000000000007 -0.87837970256805409 1.5000000000000002 99.979160308837905 1.0000000180025095e-35 1.0000000180025095e-35 2.5000000000000004 -1.0000000180025095e-35 182.42143249511722 7.5000000000000009 31.500000000000004 0.6078576147556306 0.04307950288057328 5.5000000000000009 0.10710858553647996 1.0000000180025095e-35 6.3750000000000009 0.015284148976206781 99.979152679443374 688.50000000000011 4.5000000000000009
decision_type=2 2 2 2 2 2 2 2 2 2 2 2 2 2 2 2 2 2 2 2 2 2 2 2 2 2 2 2 2 2 2 2 2 2 2 2 2 2 2 2
left_child=1 5 3 11 8 19 9 10 12 35 17 13 -3 14 25 36 24 21 31 -1 -20 -4 -9 -6 38 26 -2 28 29 -23 -25 -11 -27 -26 -22 -7 -15 -13 39 -14
right_child=2 4 7 -5 23 6 -8 22 -10 18 -12 37 16 15 -16 -17 -18 -19 20 -21 34 27 -24 30 33 32 -28 -29 -30 -31 -32 -33 -34 -35 -36 -37 -38 -39 -40 -41
leaf_value=-0.0020070180490619092 0.014962695488212628 0.021397031891307525 0.033287182685085938 0.054634379335246404 -0.022830929887580852 0.012424029102945539 -0.010673295218751731 0.030380374225079693 -0.019568007725565478 0.0016723894661587557 0.053053583267722811 0.016273308957954105 0.034859005294678981 0.021148399337063667 -0.022815334211989748 0.010467012807781883 0.010832761140774895 0.050012657858050057 0.013779654414869454 0.011282704203465622 -0.00037698229344997205 0.04694950264319149 0.0023618470248606906 -0.017071789904432814 0.0017134155270178866 0.035997130655072873 0.026673748501424798 0.049337849188055928 0.023883571039781486 0.038119523841821233 0.007436694207572982 0.023810268795169499 0.019161357954060501 0.045547353343678418 0.029043887582090575 0.022551788121140264 0.036627254140977721 -0.0078187934195691911 -0.015143043729107415 -0.0048109723497442762
leaf_weight=3460.9476050138474 3083.1417487561703 1386.3538000583649 4380.443232178688 2959.5423050373793 5826.7030269578099 8377.5761221349239 878.53167037665844 1535.3776441216469 1745.6522066444159 1018.7245608568192 7143.7906793653965 1442.2388966232538 154.1555150449276 967.97783268988132 233.77912028133869 921.43292933702469 2385.2746262848377 5594.6858656108379 1601.5839033275843 4206.7821388244629 256.2353840470314 7031.1509831249714 497.84907042980194 1198.9129245579243 2050.5851218402386 3474.5899862200022 5888.4808875322342 4207.5506585389376 1033.811183065176 10133.4064758569 641.04184404015541 900.65023647248745 1032.6712819486856 119.80430981516838 12907.492429301143 2747.7074325978756 10322.925157621503 454.50531356036663 2688.549114048481 1377.612124055624
leaf_count=17139 9678 5149 9371 3109 44159 31027 5473 3387 12228 4139 8004 4585 603 2922 1012 3065 10590 7914 5552 17938 992 10445 2205 8202 10896 7669 16331 5661 2513 19043 3816 2752 2961 374 37082 8832 22432 2411 17085 7650
internal_value=0.024874 0.00816786 0.0377907 0.0302971 -0.00819292 0.0169767 0.0201017 0.0433409 -0.000977482 0.021074 0.0443603 0.0277079 0.0022162 0.0289668 0.0249942 0.033427 -0.000814164 0.0424422 0.0251735 0.00528426 0.0268778 0.0408607 0.0235206 -0.0193998 -0.00516145 0.0258237 0.0226495 0.0423411 0.040723 0.041737 -0.00853309 0.0120616 0.0321407 0.00413632 0.0284712 0.0149257 0.0353006 0.0105001 -0.00994301 -0.000815279
internal_weight=128270 55930.9 72339.4 30781.3 19574.6 36356.2 28688.5 41558.1 11908 27810 39524.8 27821.7 10162.3 25925 13712.7 12212.3 8775.98 32381 16684.7 7667.73 14765.3 26786.4 2033.23 7666.66 6390.71 13478.9 8971.62 22405.9 18198.4 17164.6 1839.95 1919.37 4507.26 2170.39 13163.7 11125.3 11290.9 1896.74 4220.32 1531.77
internal_count=396396 251678 144718 76175 120752 130926 95849 68543 64575 90376 62951 73066 52347 66070 37651 28419 47198 54947 50517 35077 43626 47033 5592 56177 36608 36639 26009 37662 32001 29488 12018 6891 10630 11270 38074 39859 25354 6996 25338 8253
is_linear=0
shrinkage=0.0259801


Tree=17
num_leaves=41
num_cat=0
split_feature=0 1 14 1 3 1 1 39 3 1 23 23 16 1 1 10 27 12 12 12 11 7 38 10 23 19 39 6 14 12 12 9 12 37 39 19 12 12 10 12
split_gain=38410.2 14804.9 4228.8 3575.45 2748.43 1986.35 1924.66 1304.76 1187.1 2459.12 1177.45 1165.58 886.081 813.339 768.491 819.705 633.67 619.299 509.088 489.304 436.787 679.429 375.001 371.175 371.005 369.989 346.921 339.832 334.193 330.589 425.612 291.804 363.581 273.02 270.427 269.053 246.474 378.929 365.183 246.058
threshold=1.0000000180025095e-35 -0.070538349449634538 0.079265873879194274 -0.1434010714292526 19.691666603088382 -0.17290798574686048 -0.028896703384816643 -0.44210442900657648 10.00833320617676 -0.30942393839359278 99.979160308837905 99.979053497314467 11.659028053283693 -0.26192043721675867 -0.10473976656794547 158.95184326171878 7.1250000000000009 46.500000000000007 40.500000000000007 63.500000000000007 -0.017397744581103321 1.0000000180025095e-35 3.7216124534606938 80.175022125244155 99.979160308837905 1.1918117403984072 -0.035895369946956628 329.50000000000006 0.038899697363376624 31.500000000000004 25.500000000000004 1.0000000180025095e-35 1.0000000180025095e-35 1.0000000180025095e-35 1.6677882075309756 1.3381875157356264 82.500000000000014 50.500000000000007 122.10577774047853 57.500000000000007
decision_type=2 2 2 2 2 2 2 2 2 2 2 2 2 2 2 2 2 2 2 2 2 2 2 2 2 2 2 2 2 2 2 2 2 2 2 2 2 2 2 2
left_child=1 3 4 7 5 -2 25 19 9 -4 12 13 14 -9 15 23 24 18 22 -1 33 -22 -11 -5 36 31 -13 39 29 30 -16 -3 -33 -15 -26 -31 37 38 -7 -17
right_child=2 6 8 10 -6 16 -8 11 -10 17 -12 26 -14 20 28 27 -18 -19 -20 -21 21 -23 -24 -25 34 -27 -28 -29 -30 35 -32 32 -34 -35 -36 -37 -38 -39 -40 -41
leaf_value=-0.0096082304412557842 0.036348240228291424 -0.0073489576915473642 0.046286161080467562 0.0046977172965994166 0.05304108323189323 0.0089974893476459129 -0.028030313524471089 0.039927356599866022 0.050952349981983586 0.021362381504774292 -0.014533748302374264 -0.0097033464476051576 0.029626180534249376 0.0050236950618785525 0.00055049405419620883 -0.0011805634817492483 0.028113925985761005 0.036671367120781909 -0.0006019215572919082 0.028385960128770774 -0.007864698526396147 0.022574531662856088 0.034199363311182444 0.019891965400041008 -0.015400481545219133 -0.016105072229206555 0.01838805313500769 -0.017497363732803268 0.011085087518625239 0.010456710435872079 -0.020614985829842357 -0.028548126953935712 0.012644275063200355 0.028838394363467041 0.023768470863236128 -0.0060440376863379044 0.0032245471611786021 0.028389773994093041 0.021026352717745073 0.027596947401310114
leaf_weight=1002.7433326020837 9590.4523408561945 3911.3339373916388 18239.632685229182 1280.34831148386 2969.1118530035019 2510.688279941678 5464.643850453198 3099.9937751144171 7968.8313779234886 2910.7773360013962 1362.7510450035334 728.3353523015976 1499.6453254073858 337.51411138474941 3559.9434285610914 715.81581592559814 6751.8231022953987 9017.100943043828 446.0219682008028 296.2352878600359 609.59623841941357 2629.846001714468 3255.3312774896622 7123.5904266834259 369.88323830068111 2463.8797869682312 500.5007658302784 630.57939833402634 3708.8718344867229 3226.3098323196173 781.99507364630699 166.94362780451775 1075.131147891283 8769.184781819582 175.18540392816067 840.67124161124229 620.25353598594666 2740.5265523940325 5301.0887502580881 278.42573972046375
leaf_count=5741 19647 23170 25759 5382 3109 8518 43856 6537 9136 7562 8779 4489 4542 1295 17210 2962 17143 17815 1544 857 3546 8101 6727 25554 2073 15002 2018 4003 14457 13500 4464 1048 4863 25310 501 4170 2252 7096 15836 822
internal_value=0.0241004 0.00793433 0.0365389 0.0152996 0.029271 0.0267555 -0.0162653 0.0241382 0.0419289 0.0398056 0.00894713 0.0260918 0.0103005 0.0280292 0.0089916 0.0143114 0.0217741 0.0322423 0.0262015 -0.000941029 0.0250412 0.0168464 0.0281403 0.0175772 0.0181207 -0.00782458 0.00173909 -0.00258056 0.0045888 0.00172335 -0.0032621 -0.00386523 0.00710464 0.0279559 -0.00280811 0.00704578 0.0191418 0.0200773 0.0171606 0.00688145
internal_weight=128932 56064.8 72866.7 42982.9 31029 28059.9 13081.9 17973.9 41837.7 33868.9 25008.9 16675 23646.2 15446.1 22146.6 10028.8 18469.4 15629.2 6612.13 1298.98 12346.1 3239.44 6166.11 8403.94 11717.6 7617.29 1228.84 1624.82 12117.8 8408.92 4341.94 5153.41 1242.07 9106.7 545.069 4066.98 11172.6 10552.3 7811.78 994.242
internal_count=396396 251678 144718 163739 76175 73066 87939 57894 68543 59407 105845 51296 97066 44789 92524 38723 53419 33648 15833 6598 38252 11647 14289 30936 36276 44083 6507 7787 53801 39344 21674 29081 5911 26605 2574 17670 33702 31450 24354 3784
is_linear=0
shrinkage=0.0259801


Tree=18
num_leaves=41
num_cat=0
split_feature=0 6 2 11 20 2 2 17 17 20 20 17 17 30 12 2 12 12 12 30 8 44 20 18 11 25 8 10 18 2 11 18 40 24 28 11 12 18 25 20
split_gain=36034 10648.5 6129.62 3147.9 2453.65 1861.45 1114.65 942.208 844.444 828.299 751.039 718.563 689.402 684.441 654.472 502.074 486.858 538.805 464.095 461.607 441.561 401.563 398.335 360.022 357.563 337.212 336.119 319.603 315.482 350.6 368.829 294.291 291.053 300.197 277.549 275.435 269.492 267.479 255.701 249.236
threshold=1.0000000180025095e-35 329.50000000000006 3.4302525520324711 -0.015644540078938004 1.0000000180025095e-35 7.4888758659362802 5.0414702892303476 414.39166259765631 332.25000000000006 -0.048597054556012147 -0.016652801074087616 446.76667785644537 332.25000000000006 1.0000000180025095e-35 33.500000000000007 2.5159499645233159 50.500000000000007 81.500000000000014 39.500000000000007 0.062500001862645163 48.983446121215827 1.0000000180025095e-35 -0.0086025088094174845 3.5000000000000004 -0.063095159828662858 2.1688940525054936 63.943561553955085 130.68623352050784 1.5000000000000002 1.6758539676666262 -0.17784287035465238 3.5000000000000004 733.56668090820324 12.808333396911623 0.6078576147556306 -0.16853847354650495 83.500000000000014 3.5000000000000004 2.1784584522247319 -0.0043012544047087422
decision_type=2 2 2 2 2 2 2 2 2 2 2 2 2 2 2 2 2 2 2 2 2 2 2 2 2 2 2 2 2 2 2 2 2 2 2 2 2 2 2 2
left_child=1 5 11 8 6 7 20 9 10 28 21 15 16 39 26 -2 32 -18 22 24 37 -3 -11 -23 -16 -20 -7 -26 -1 30 -30 35 33 34 -8 -12 -21 -4 -15 -5
right_child=2 3 4 13 -6 14 12 -9 -10 18 31 -13 -14 38 19 -17 17 -19 25 36 -22 23 -24 -25 27 -27 -28 -29 29 -31 -32 -33 -34 -35 -36 -37 -38 -39 -40 -41
leaf_value=0.032777924528995764 0.046374566014640996 0.0095954896358496945 0.034620229083863238 -0.014517284699101759 0.04446041205610636 0.0044311490218057002 0.012980153744680402 -0.0082671264215858666 -0.023221526167658501 0.012932986811183069 0.024623393513522624 0.0066352054015949577 -0.01387306781295617 0.036491203879347622 0.018746449821606104 0.040004151571429038 0.02991595598147203 0.006409070360837643 0.0061013021103819053 0.027779394036935575 0.014498162863559904 0.044000418911631096 -0.010719825600512611 -0.015823546424825842 -0.0046413088135986626 0.023116345881964023 -0.013352376335193084 0.010421797578634947 0.06711818314356463 0.024489807387781184 -0.021721157045613951 -0.010807362093185616 0.058478025062497177 0.028875422795932863 0.022422462129267195 -0.00019225052233333954 0.0015669128105400523 0.027146138713814008 -0.0022655394108636187 -0.024036384004560714
leaf_weight=3708.1482631713152 19813.252044141293 3495.2749763056636 9199.0106271654367 2742.8570149987936 5424.8193952441216 5085.5700546950102 5928.8957975953817 742.8361701220274 823.58039681613445 3884.0115823447704 333.35241813957691 357.02818574011326 369.44605638086796 155.21388354897499 2017.9128188192844 14457.108234986663 6127.7061313390732 737.46138624846935 908.55459420382977 1761.3974917083979 1046.0416937172413 422.96575129032135 548.30833658576012 80.788216635584831 1411.9060371443629 5843.543428465724 835.00691197812557 2910.1557821184397 37.303464874625206 6754.684601098299 199.32063396275043 1778.1630624011159 121.65711152553558 1496.9038854688406 3255.6255163401365 3183.630027718842 311.5851194113493 4989.4054515808821 440.97542084753513 5752.192743241787
leaf_count=9225 26027 15446 19098 18357 7621 22359 18978 4511 5948 14170 1442 1429 2075 508 7174 23499 15029 2596 3551 5728 3415 1255 2855 430 6682 18127 4563 11595 83 18725 961 10685 222 3777 9401 17717 1290 11551 2274 46017
internal_value=0.0233696 0.00771112 0.0353645 -0.00797987 0.0282586 0.015866 0.0256168 0.0205065 0.00198953 0.0214833 0.00422392 0.0433054 0.0212462 -0.0190748 0.00854047 0.0436874 0.0219807 0.027391 0.0165392 0.0131975 0.0307913 0.0127219 0.0100067 0.0344042 0.00971725 0.020827 0.00192275 0.00550107 0.0266512 0.0234009 -0.0076786 -0.00219417 0.0185422 0.0180864 0.0163275 0.0021609 0.0238399 0.0319923 0.00783176 -0.0209632
internal_weight=129494 56169.2 73324.4 19209 38697 36960.2 33272.2 22626.7 10117.8 21883.9 9294.17 34627.4 18037.7 9091.24 14333.5 34270.4 17668.2 6865.17 11184.4 8412.96 15234.5 3999.03 4432.32 503.754 6339.97 6752.1 5920.58 4322.06 10699.5 6991.31 236.624 5295.15 10803.1 10681.4 9184.52 3516.98 2072.98 14188.4 596.189 8495.05
internal_count=396396 251678 144718 120079 93763 131599 86142 72208 52923 67697 46975 50955 52078 67156 59391 49526 50003 17625 38703 32469 34064 17131 17025 1685 25451 21678 26922 18277 28994 19769 1044 29844 32378 32156 28379 19159 7018 30649 2782 64374
is_linear=0
shrinkage=0.0259801


Tree=19
num_leaves=41
num_cat=0
split_feature=4 1 13 1 1 1 3 1 5 5 39 1 5 1 3 5 28 22 22 6 1 42 11 5 6 38 1 11 28 6 11 42 1 28 44 42 40 11 1 33
split_gain=33657 13691.9 4274.22 3821.93 3373.39 1861.65 1728.21 1778.48 1478.52 1397.25 1063.7 888.106 801.604 754.851 629.661 625.645 531.593 521.427 494.16 538.517 485.919 443.827 564.174 428.906 408.428 395.572 355.759 324.469 315.055 308.509 347.974 302.234 301.668 282.435 253.694 219.68 216.177 199.252 196.878 196.016
threshold=1.0000000180025095e-35 -0.070538349449634538 1.0000000180025095e-35 -0.19161341339349744 -0.1434010714292526 -0.028896703384816643 19.92499923706055 -0.27773347496986384 479.15415954589849 381.49583435058599 -0.44210442900657648 -0.26192043721675867 479.15415954589849 -0.10473976656794547 6.0416667461395273 479.15415954589849 -0.87837970256805409 1.0000000180025095e-35 1.0000000180025095e-35 374.50000000000006 -0.30942393839359278 179.50000000000003 -0.025772007182240483 156.79167175292972 329.50000000000006 8.1805696487426776 -0.094132833182811723 -0.039477493613958352 -1.0000000180025095e-35 185.50000000000003 -0.017145679332315918 356.50000000000006 -0.12099746614694594 -0.87837970256805409 1.0000000180025095e-35 399.50000000000006 391.50000000000006 -0.039199775084853165 -0.17238496243953702 2.5000000000000004
decision_type=2 2 2 2 2 2 2 2 2 2 2 2 2 2 2 2 2 2 2 2 2 2 2 2 2 2 2 2 2 2 2 2 2 2 2 2 2 2 2 2
left_child=1 4 3 12 8 23 7 -4 10 13 24 -12 20 18 28 25 -15 29 19 -6 -2 39 26 27 -1 32 -23 -3 -9 34 -31 -26 36 -19 -13 -20 -5 -35 -30 -18
right_child=2 5 6 15 9 -7 -8 14 -10 -11 11 17 -14 16 -16 -17 21 33 35 -21 -22 22 -24 -25 31 -27 -28 -29 38 30 -32 -33 -34 37 -36 -37 -38 -39 -40 -41
leaf_value=0.015870009906666593 0.041949049910070778 0.0013720173075399248 0.044329598476012047 0.01933258015463888 0.013791568854990081 -0.02776410207446597 0.050418662456412522 0.023416590286752602 -0.0062454564704847674 -0.017670440758527809 0.038557021411183681 0.020272788395663998 0.0085173995231480858 -0.0090358770828557998 0.040546027849951254 -0.0082695760135724303 -0.00025201574794204507 0.011913509723560128 0.017105382878389044 -0.0055310895743745691 0.032888723628823439 0.0059967299089893978 -0.0010954919753287289 -0.024701704707374171 -0.018813328450581056 0.024312312349491411 0.020215522815321813 -0.010240629115957058 0.036858723472580367 0.018609177240536949 -0.0042111717110596622 0.073802035315878881 0.010781296534351574 0.03499364344831906 0.039577399710721557 0.028827463814387024 0.050426010621631531 0.023849715549521127 0.028909084609150839 0.034832874800521031
leaf_weight=604.44231629371643 8122.3067360520363 2767.3931305110455 13467.315033212304 5192.9036702513695 3873.5032131522894 5294.4013767540455 8514.7754316478968 4467.7232033908367 1096.5169266462326 1316.9675493463874 3328.712289467454 4819.5668051987886 671.77130857110023 1492.9385678768158 4234.9124502837658 555.89626519382 4042.5856028497219 555.85525703430176 4461.5790148675442 1300.2186952680349 7874.1957881450653 1764.5833331644535 1838.2083570957184 883.32034337520599 545.38217049837112 7224.022627145052 3634.1702856719494 3930.4902811124921 3344.0853074938059 1189.3066983520985 726.370151668787 24.70619061589241 3966.9616330265999 3400.2495733946562 508.0107531696558 1424.035768315196 155.35076570510864 1591.7135735452175 5683.4818191826344 110.2523445636034
leaf_count=2027 12002 13967 18513 14606 13698 43946 8834 10995 6453 8790 6836 14410 2367 7314 6599 2859 18903 1859 16225 7260 15779 7384 8662 6218 3684 18549 13220 23964 6205 4319 4101 59 13109 8564 1184 4189 281 4703 13385 374
internal_value=0.0226712 0.00759973 0.0342658 0.0274698 0.0145443 -0.0159429 0.0400437 0.0372117 0.0230085 0.0083814 0.0248634 0.0266026 0.036322 0.00981454 0.0318049 0.0188383 0.00554025 0.0234911 0.0147934 0.00893552 0.0374895 0.00745095 0.0113358 -0.00768711 0.000993541 0.0197495 0.0155684 -0.00544266 0.0290614 0.0188995 0.00995671 -0.0147794 0.0162106 0.0294851 0.0221148 0.0199423 0.0202373 0.0314413 0.0318545 0.000680779
internal_weight=130001 56525.5 73475.7 33763.4 43649.9 12875.6 39712.3 31197.5 18390.8 25259 17294.3 16119.8 16668.3 23942.1 17730.2 17095.1 12882.7 12791.1 11059.3 5173.72 15996.5 11389.8 7236.96 7581.2 1174.53 16539.2 5398.75 6697.88 13495.3 7243.25 1915.68 570.088 9315.22 5547.82 5327.58 5885.61 5348.25 4991.96 9027.57 4152.84
internal_count=396396 252313 144083 79552 164218 88095 64531 55697 58199 106019 51746 45976 30148 97229 37184 49404 55857 39140 41372 20958 27781 48543 29266 44149 5770 46545 20604 37931 30585 24014 8420 3743 27996 15126 15594 20414 14887 13267 19590 19277
is_linear=0
shrinkage=0.0259801


Tree=20
num_leaves=41
num_cat=0
split_feature=4 1 2 1 3 1 1 39 12 1 24 3 1 27 25 20 12 45 18 10 30 1 1 18 18 26 1 3 12 10 2 1 18 24 12 21 21 37 30 2
split_gain=31188.5 13681.5 5359.29 3073.72 2727.95 1855.14 1845.63 1009.19 960.44 863.658 802.206 653.99 740.328 576.088 565.359 558.644 552.799 521.442 430.241 408.06 394.824 387.307 377.156 422.345 366.705 366.696 365.646 354.861 379.644 326.625 525.299 437.337 341.909 286.628 281.844 333.421 278.552 277.428 276.452 270.33
threshold=1.0000000180025095e-35 -0.070538349449634538 3.5279158353805546 -0.14203095436096189 19.92499923706055 -0.16906592249870298 -0.028896703384816643 -0.44120204448699946 39.500000000000007 -0.26192043721675867 7.1250000000000009 19.92499923706055 -0.31894789636135096 1.0000000180025095e-35 2.0792715549468999 -0.018045814707875248 63.500000000000007 1.0000000180025095e-35 4.5000000000000009 191.76673889160159 1.0000000180025095e-35 -0.079619124531745897 -0.11247103288769721 4.5000000000000009 2.5000000000000004 0.2866609543561936 -0.051946073770523064 6.0416667461395273 47.500000000000007 148.46777343750003 3.2035899162292485 -0.19457451254129407 3.5000000000000004 6.6583333015441903 3.5000000000000004 2.4375000000000004 3.0208333730697636 6.9375000000000009 0.35416667163372045 8.7610306739807147
decision_type=2 2 2 2 2 2 2 2 2 2 2 2 2 2 2 2 2 2 2 2 2 2 2 2 2 2 2 2 2 2 2 2 2 2 2 2 2 2 2 2
left_child=1 3 11 7 5 -4 26 16 15 17 18 12 -2 24 36 21 -1 -9 -7 22 34 33 -16 -24 -11 -22 -3 28 -14 32 31 -31 -15 39 35 -17 -10 38 -23 -5
right_child=2 6 4 8 -6 10 -8 9 14 13 -12 -13 27 29 19 20 -18 -19 -20 -21 25 37 23 -25 -26 -27 -28 -29 -30 30 -32 -33 -34 -35 -36 -37 -38 -39 -40 -41
leaf_value=-0.0074108839893763222 0.042867384294659812 -0.0035595563607628577 0.032462972566411348 0.011872639750611248 0.048711661895438664 0.018553757684903849 -0.028006368902914539 0.037621023332891398 0.017007432098877624 0.020853306508368752 0.026507194512385236 0.049478122357757545 0.026908568881796508 0.034270946412951829 0.022819332026015646 0.046798382689076434 0.029192602397917784 -0.01001977266363909 0.0073837276720088978 -0.0071289441660358464 0.07012594057441561 -0.013141091411534042 0.016187672447024407 -0.00081380906292014335 0.0044257606840603673 0.004244885764801253 -0.015501667554276228 0.043080112282553498 0.036704914293503373 -0.019744441129499857 0.023699498752753234 0.016564489121805741 0.018307616644698332 0.022417258318201624 -0.014739275538616295 -0.0030503316331828277 -0.0039043821278049308 0.017635612318061756 0.023286255545581998 -0.0020291096296536082
leaf_weight=1108.6454268395901 16852.920758381486 4836.4482497274876 12485.272994011641 3259.7792683839798 3431.8499976545572 11407.48555226624 5157.091129347682 3437.2332440018654 579.49666325747967 1774.7403014972806 8091.8319983780384 4857.6771751344204 4552.0073540657759 3154.2686940431595 4293.0218598023057 102.97977386415005 371.72604419291019 162.33122055232525 2924.4728970229626 499.44536826014519 59.316389441490173 1175.4664271324873 4934.2647988721728 1232.5539802312851 1898.1868821680546 1382.0331549346447 2694.7163240760565 2760.1948980689049 6469.0413965582848 363.4677496701479 5078.6075120419264 582.56621068716049 1271.2995430231094 1137.0111015886068 2096.4636289849877 742.53544035553932 1664.3636243492365 335.54802186787128 159.57221147418022 1329.002064473927
leaf_count=6277 22912 26145 25844 12787 3628 32966 43730 7311 2053 6030 19570 4983 9408 8027 13976 318 999 770 9835 2648 146 6042 18605 5633 8018 6419 17913 3755 11106 2234 14258 2388 4023 3846 12215 3944 7817 1226 569 6007
internal_value=0.0222059 0.00774627 0.0333443 0.0145745 0.0266096 0.0244365 -0.0160325 0.0223902 0.00856691 0.0241115 0.0199673 0.0406194 0.0392145 0.0212156 0.0133784 0.00317388 0.00178257 0.0354722 0.0162746 0.015811 -0.00417538 0.00752928 0.0169064 0.0127897 0.0123641 0.00696385 -0.0078328 0.0347469 0.0326592 0.0243264 0.0203886 0.00261349 0.0296861 0.0107405 -0.00963286 0.00302891 0.00149711 -0.00347677 -0.0087847 0.00784648
internal_weight=130707 56874.2 73832.8 44185.9 38340.9 34909.1 12688.3 19203.1 24982.9 17722.7 22423.8 35491.8 30634.2 14123.1 13203.1 11779.7 1480.37 3599.56 14332 10959.3 4383.33 7396.38 10459.8 6166.82 3672.93 1441.35 7531.16 13781.2 11021 10450.2 6024.64 946.034 4425.57 5725.79 2941.98 845.515 2243.86 1670.59 1335.04 4588.78
internal_count=396381 252374 144007 164586 91843 88215 87788 60335 104251 53059 62371 52164 47181 44978 50732 53519 7276 8081 42801 40862 23042 30477 38214 24238 14048 6565 44058 24269 20514 30930 18880 4622 12050 22640 16477 4262 9870 7837 6611 18794
is_linear=0
shrinkage=0.0259801


end of trees

feature_importances:
breakdown_equipment_failure_zscore=103
id_fabrica_area_encoded=56
breakdown_equipment_failure_cv_7d=54
avg_breakdown_equipment_failure_subcategoria=44
quality_defect_loss_zscore=34
diff_breakdown_equipment_failure_vs_subcategoria=34
dia_semana=32
ratio_ucl_total=31
horas_desde_ultimo_breakdown=28
avg_event_duration=27
breakdown_equipment_failure_std_7d=27
breakdown_and_equipment_failure_time_duration=24
ucl_time=22
minor_stoppages_cv_7d=22
speed_loss_zscore=20
speed_loss_std_7d=19
minor_stoppages_std_7d=19
process_failure_rolling_24h=17
duracion_eventos_criticos=17
ratio_unplanned_total=17
measurement_adjustment_rolling_24h=16
minor_stoppages_rolling_24h_avg=15
speed_loss_cv_7d=13
dia_sin=13
concurrent_breakdown_equipment_failure_area_24h=12
dias_desde_ultimo_breakdown=11
minor_stoppages_nivel3_duration=11
process_failure_rolling_24h_avg=11
subcategoria_32=11
breakdown_equipment_failure_rolling_24h=10
breakdown_equipment_failure_rolling_6h=8
subcategoria_23=8
minor_stoppages_duration=7
avg_minor_stoppages_subcategoria=6
events_per_hour=6
max_event_duration=5
horas_desde_ultimo_pm=5
minor_stoppages_tiempo_pct=5
area_stress_level_24h=5
mantenimiento_total_duracion_7d=4
pm_count_30d=3
subcategoria_13=3
subcategoria_30=2
minor_stoppages_severity_score=1
minor_stoppages_rolling_2h=1
es_fin_semana=1

parameters:
[boosting: gbdt]
[objective: binary]
[metric: auc,binary_logloss]
[tree_learner: serial]
[device_type: cpu]
[data_sample_strategy: bagging]
[data: ]
[valid: ]
[num_iterations: 1000]
[learning_rate: 0.0259801]
[num_leaves: 41]
[num_threads: -1]
[seed: 42]
[deterministic: 0]
[force_col_wise: 0]
[force_row_wise: 0]
[histogram_pool_size: -1]
[max_depth: 9]
[min_data_in_leaf: 99]
[min_sum_hessian_in_leaf: 0.0606523]
[bagging_fraction: 0.547827]
[pos_bagging_fraction: 1]
[neg_bagging_fraction: 1]
[bagging_freq: 5]
[bagging_seed: 400]
[bagging_by_query: 0]
[feature_fraction: 0.529364]
[feature_fraction_bynode: 1]
[feature_fraction_seed: 30056]
[extra_trees: 0]
[extra_seed: 12879]
[early_stopping_round: 0]
[early_stopping_min_delta: 0]
[first_metric_only: 0]
[max_delta_step: 0]
[lambda_l1: 0.00141563]
[lambda_l2: 0.164965]
[linear_lambda: 0]
[min_gain_to_split: 0]
[drop_rate: 0.1]
[max_drop: 50]
[skip_drop: 0.5]
[xgboost_dart_mode: 0]
[uniform_drop: 0]
[drop_seed: 17869]
[top_rate: 0.2]
[other_rate: 0.1]
[min_data_per_group: 100]
[max_cat_threshold: 32]
[cat_l2: 10]
[cat_smooth: 10]
[max_cat_to_onehot: 4]
[top_k: 20]
[monotone_constraints: ]
[monotone_constraints_method: basic]
[monotone_penalty: 0]
[feature_contri: ]
[forcedsplits_filename: ]
[refit_decay_rate: 0.9]
[cegb_tradeoff: 1]
[cegb_penalty_split: 0]
[cegb_penalty_feature_lazy: ]
[cegb_penalty_feature_coupled: ]
[path_smooth: 0]
[interaction_constraints: ]
[verbosity: -1]
[saved_feature_importance_type: 0]
[use_quantized_grad: 0]
[num_grad_quant_bins: 4]
[quant_train_renew_leaf: 0]
[stochastic_rounding: 1]
[linear_tree: 0]
[max_bin: 255]
[max_bin_by_feature: ]
[min_data_in_bin: 3]
[bin_construct_sample_cnt: 200000]
[data_random_seed: 175]
[is_enable_sparse: 1]
[enable_bundle: 1]
[use_missing: 1]
[zero_as_missing: 0]
[feature_pre_filter: 0]
[pre_partition: 0]
[two_round: 0]
[header: 0]
[label_column: ]
[weight_column: ]
[group_column: ]
[ignore_column: ]
[categorical_feature: ]
[forcedbins_filename: ]
[precise_float_parser: 0]
[parser_config_file: ]
[objective_seed: 16083]
[num_class: 1]
[is_unbalance: 0]
[scale_pos_weight: 3.9819]
[sigmoid: 1]
[boost_from_average: 1]
[reg_sqrt: 0]
[alpha: 0.9]
[fair_c: 1]
[poisson_max_delta_step: 0.7]
[tweedie_variance_power: 1.5]
[lambdarank_truncation_level: 30]
[lambdarank_norm: 1]
[label_gain: ]
[lambdarank_position_bias_regularization: 0]
[eval_at: ]
[multi_error_top_k: 1]
[auc_mu_weights: ]
[num_machines: 1]
[local_listen_port: 12400]
[time_out: 120]
[machine_list_filename: ]
[machines: ]
[gpu_platform_id: -1]
[gpu_device_id: -1]
[gpu_use_dp: 0]
[num_gpu: 1]

end of parameters

pandas_categorical:[]
